BucketName,subject_a.tumor
C>A_ACA,1
C>A_ACC,0
C>A_ACG,0
C>A_ACT,2
C>A_CCA,1
C>A_CCC,1
C>A_CCG,0
C>A_CCT,0
C>A_GCA,3
C>A_GCC,0
C>A_GCG,0
C>A_GCT,0
C>A_TCA,1
C>A_TCC,0
C>A_TCG,0
C>A_TCT,1
C>G_ACA,4
C>G_ACC,1
C>G_ACG,0
C>G_ACT,0
C>G_CCA,1
C>G_CCC,0
C>G_CCG,0
C>G_CCT,5
C>G_GCA,2
C>G_GCC,1
C>G_GCG,1
C>G_GCT,2
C>G_TCA,1
C>G_TCC,0
C>G_TCG,0
C>G_TCT,1
C>T_ACA,0
C>T_ACC,0
C>T_ACG,1
C>T_ACT,1
C>T_CCA,0
C>T_CCC,2
C>T_CCG,0
C>T_CCT,0
C>T_GCA,0
C>T_GCC,0
C>T_GCG,0
C>T_GCT,1
C>T_TCA,0
C>T_TCC,1
C>T_TCG,0
C>T_TCT,3
T>A_ATA,1
T>A_ATC,0
T>A_ATG,0
T>A_ATT,2
T>A_CTA,0
T>A_CTC,3
T>A_CTG,0
T>A_CTT,0
T>A_GTA,0
T>A_GTC,0
T>A_GTG,1
T>A_GTT,2
T>A_TTA,2
T>A_TTC,2
T>A_TTG,1
T>A_TTT,2
T>C_ATA,4
T>C_ATC,0
T>C_ATG,2
T>C_ATT,0
T>C_CTA,0
T>C_CTC,0
T>C_CTG,2
T>C_CTT,1
T>C_GTA,0
T>C_GTC,2
T>C_GTG,3
T>C_GTT,2
T>C_TTA,3
T>C_TTC,1
T>C_TTG,1
T>C_TTT,5
T>G_ATA,2
T>G_ATC,1
T>G_ATG,1
T>G_ATT,2
T>G_CTA,0
T>G_CTC,1
T>G_CTG,0
T>G_CTT,5
T>G_GTA,0
T>G_GTC,0
T>G_GTG,2
T>G_GTT,1
T>G_TTA,1
T>G_TTC,1
T>G_TTG,3
T>G_TTT,3
