chromosome	position	mutation	kataegis
chr1	3930186	A>G	
chr1	65170333	A>C	
chr1	151101686	A>C	
chr1	200352476	A>G	
chr1	240197307	A>C	
chr2	43200847	C>T	
chr2	101762979	A>T	
chr2	129151250	T>G	
chr2	151297612	A>T	
chr2	227094640	A>C	
chr3	3248975	G>A	
chr3	7650717	G>C	
chr3	27691247	A>T	
chr3	130386882	G>C	
chr3	161825176	T>C	
chr3	196472244	C>T	
chr4	79817053	C>A	
chr5	24113641	A>T	
chr5	39020622	A>C	
chr5	46165893	A>G	
chr5	49709118	T>C	
chr5	57560653	A>C	
chr5	101170979	A>C	
chr5	101337565	A>G	
chr5	106582670	T>C	
chr5	120980392	A>T	
chr6	24139460	A>T	
chr6	25218596	C>G	
chr6	30254507	T>C	
chr6	42659818	A>T	
chr6	128369907	A>G	
chr6	134788691	C>G	
chr7	124668039	T>G	
chr8	296806	C>T	
chr8	45996510	T>C	
chr8	62388965	G>C	
chr8	63893464	T>G	
chr8	64524989	G>T	
chr8	71856018	T>G	
chr8	73085396	A>C	
chr8	80972200	T>C	
chr8	100539293	T>G	
chr8	100957004	T>G	
chr8	122539196	G>C	
chr9	15517334	C>A	
chr9	15995184	A>G	
chr9	64516806	A>C	
chr9	94585895	A>C	
chr9	99850433	A>C	
chr11	18653465	A>T	
chr11	68214877	G>A	
chr11	74031990	T>A	
chr11	85204540	A>G	
chr12	16165699	T>A	
chr12	25245348	C>A	
chr12	42676013	G>T	
chr13	23480702	T>A	
chr13	30624319	A>G	
chr13	72377598	A>G	
chr13	102003599	T>C	
chr15	42974461	A>C	
chr16	2907918	C>G	
chr16	25178798	C>G	
chr16	59340932	T>C	
chr16	68851066	A>T	
chr16	69792604	T>A	
chr16	76474659	A>G	
chr17	6431544	A>C	
chr17	9750259	A>G	
chr17	15565686	C>G	
chr17	39963811	G>T	
chr17	47954604	A>C	
chr17	56230912	G>C	
chr17	68775930	G>C	
chr17	80078780	A>G	
chr18	23218008	C>G	
chr19	5328377	T>C	
chr19	19986272	C>T	
chr19	32579475	A>T	
chr19	40527296	C>T	
chr19	51825464	T>A	
chr19	52196699	A>C	
chr20	398150	G>T	
chr20	8410260	C>G	
chr20	12673562	T>C	
chr20	14564557	T>A	
chr20	14776483	G>T	
chr20	15389140	A>G	
chr20	18959736	C>T	
chr20	30932891	A>C	
chr20	41273525	G>C	
chr20	54802113	C>G	
chr20	60936884	T>C	
chr20	63895120	G>T	
chr21	32226397	A>C	
chr22	26715665	G>C	
chr22	31103621	G>T	
chr22	45748883	A>G	
chr22	49115161	T>C	
chrX	17858732	C>G	
chrX	23076604	C>G	
chrX	101801895	C>G	
chrX	129385004	C>T	
