chromosome	start	end	copyNumber	bafCount	observedBAF	baf	segmentStartSupport	segmentEndSupport	method	depthWindowCount	gcContent	minStart	maxStart	minorAlleleCopyNumber	majorAlleleCopyNumber
chr1	1	123605522	1.9764	1	0.5000	0.5000	TELOMERE	CENTROMERE	BAF_WEIGHTED	1	0.4770	1	1	0.9882	0.9882
chr1	123605523	248956422	1.9816	2	0.5147	0.5037	CENTROMERE	TELOMERE	BAF_WEIGHTED	2	0.4675	123605523	123605523	0.9834	0.9982
chr2	1	93139350	2.0432	2	0.5242	0.5108	TELOMERE	CENTROMERE	BAF_WEIGHTED	2	0.5245	1	1	0.9996	1.0436
chr2	93139351	242193529	2.0248	1	0.5517	0.5061	CENTROMERE	TELOMERE	BAF_WEIGHTED	1	0.4840	93139351	93139351	1.0000	1.0248
chr3	1	92214015	2.0143	2	0.5269	0.5035	TELOMERE	CENTROMERE	BAF_WEIGHTED	2	0.4130	1	1	1.0000	1.0142
chr3	92214016	198295559	2.0080	2	0.5265	0.5070	CENTROMERE	TELOMERE	BAF_WEIGHTED	2	0.4660	92214016	92214016	0.9900	1.0181
chr4	1	50726025	2.0903	2	0.5307	0.5216	TELOMERE	CENTROMERE	BAF_WEIGHTED	2	0.4170	1	1	1.0001	1.0902
chr4	50726026	190214555	2.0191	2	0.5169	0.5047	CENTROMERE	TELOMERE	BAF_WEIGHTED	2	0.2935	50726026	50726026	1.0000	1.0191
chr5	1	48272853	1.9951	2	0.5156	0.5073	TELOMERE	CENTROMERE	BAF_WEIGHTED	2	0.3705	1	1	0.9829	1.0121
chr5	48272854	181538259	1.9661	1	0.5161	0.5086	CENTROMERE	TELOMERE	BAF_WEIGHTED	1	0.3610	48272854	48272854	0.9661	1.0000
chr6	1	59191910	1.9659	1	0.5000	0.5000	TELOMERE	CENTROMERE	BAF_WEIGHTED	1	0.4520	1	1	0.9830	0.9830
chr6	59191911	170805979	1.9890	2	0.5443	0.5034	CENTROMERE	TELOMERE	BAF_WEIGHTED	2	0.4925	59191911	59191911	0.9878	1.0012
chr7	1	59498943	1.9680	2	0.5167	0.5081	TELOMERE	CENTROMERE	BAF_WEIGHTED	2	0.3660	1	1	0.9680	1.0000
chr7	59498944	159345973	1.9713	1	0.5294	0.5073	CENTROMERE	TELOMERE	BAF_WEIGHTED	1	0.4680	59498944	59498944	0.9713	1.0000
chr8	1	44955504	1.9917	1	0.5312	0.5021	TELOMERE	CENTROMERE	BAF_WEIGHTED	1	0.4210	1	1	0.9917	1.0000
chr8	44955505	145138636	1.9750	2	0.5172	0.5094	CENTROMERE	TELOMERE	BAF_WEIGHTED	2	0.3740	44955505	44955505	0.9689	1.0061
chr9	1	20414426	1.9692	2	0.5490	0.5078	TELOMERE	BND	BAF_WEIGHTED	2	0.3580	1	1	0.9692	1.0000
chr9	20414427	20415000	0.9912	0	0.0000	1.0000	BND	BND	STRUCTURAL_VARIANT	0	0.0000	20414427	20414427	0.0000	0.9912
chr9	20415001	44377362	1.9709	0	0.0000	0.5082	BND	CENTROMERE	STRUCTURAL_VARIANT	0	0.3716	20415001	20415001	0.9692	1.0016
chr9	44377363	138394717	2.0374	2	0.5242	0.5091	CENTROMERE	TELOMERE	BAF_WEIGHTED	2	0.3515	44377363	44377363	1.0001	1.0373
chr10	1	40640101	1.9953	2	0.5323	0.5125	TELOMERE	CENTROMERE	BAF_WEIGHTED	2	0.4645	1	1	0.9728	1.0225
chr10	40640102	133797422	2.0265	2	0.5252	0.5065	CENTROMERE	TELOMERE	BAF_WEIGHTED	2	0.5260	40640102	40640102	1.0000	1.0265
chr11	1	52751710	2.0000	0	0.0000	0.5000	TELOMERE	CENTROMERE	UNKNOWN	0	0.6143	1	1	1.0000	1.0000
chr11	52751711	118484974	2.0237	2	0.5252	0.5058	CENTROMERE	BND	BAF_WEIGHTED	2	0.3830	52751711	52751711	1.0000	1.0236
chr11	118484975	118485000	1.0457	0	0.0000	0.9563	BND	BND	STRUCTURAL_VARIANT	0	0.0000	118484975	118484975	0.0457	1.0000
chr11	118485001	135086622	2.0253	0	0.0000	0.5062	BND	TELOMERE	STRUCTURAL_VARIANT	0	0.4505	118485001	118485001	1.0000	1.0253
chr12	1	35977329	1.9715	1	0.5000	0.5000	TELOMERE	CENTROMERE	BAF_WEIGHTED	1	0.4380	1	1	0.9857	0.9857
chr12	35977330	133275309	1.9761	2	0.5345	0.5072	CENTROMERE	TELOMERE	BAF_WEIGHTED	2	0.3770	35977330	35977330	0.9738	1.0024
chr13	1	17025623	1.9833	0	0.0000	0.5075	TELOMERE	CENTROMERE	LONG_ARM	0	0.0000	1	1	0.9767	1.0066
chr13	17025624	114364328	1.9833	2	0.5178	0.5075	CENTROMERE	TELOMERE	BAF_WEIGHTED	2	0.3710	17025624	17025624	0.9767	1.0066
chr14	1	17086761	1.9626	0	0.0000	0.5095	TELOMERE	CENTROMERE	LONG_ARM	0	0.0000	1	1	0.9626	1.0000
chr14	17086762	107043718	1.9626	1	0.5172	0.5095	CENTROMERE	TELOMERE	BAF_WEIGHTED	1	0.4140	17086762	17086762	0.9626	1.0000
chr15	1	18362626	2.0122	0	0.0000	0.5027	TELOMERE	CENTROMERE	LONG_ARM	0	0.0000	1	1	1.0008	1.0114
chr15	18362627	101991189	2.0122	2	0.5086	0.5027	CENTROMERE	TELOMERE	BAF_WEIGHTED	2	0.4575	18362627	18362627	1.0008	1.0114
chr16	1	37295919	2.0138	2	0.5092	0.5022	TELOMERE	CENTROMERE	BAF_WEIGHTED	2	0.5340	1	1	1.0024	1.0114
chr16	37295920	90338345	1.9884	2	0.5339	0.5052	CENTROMERE	TELOMERE	BAF_WEIGHTED	2	0.4570	37295920	37295920	0.9838	1.0046
chr17	1	24849829	1.9956	2	0.5592	0.5011	TELOMERE	CENTROMERE	BAF_WEIGHTED	2	0.5760	1	1	0.9956	1.0000
chr17	24849830	83257441	1.9949	2	0.5334	0.5059	CENTROMERE	TELOMERE	BAF_WEIGHTED	2	0.5330	24849830	24849830	0.9857	1.0091
chr18	1	18161052	2.0000	0	0.0000	0.5026	TELOMERE	CENTROMERE	UNKNOWN	0	0.0000	1	1	0.9948	1.0052
chr18	18161053	80373285	2.0137	2	0.5242	0.5008	CENTROMERE	TELOMERE	BAF_WEIGHTED	2	0.2945	18161053	18161053	1.0052	1.0085
chr19	1	25844926	2.0000	0	0.0000	0.6135	TELOMERE	CENTROMERE	UNKNOWN	0	0.0000	1	1	0.7730	1.2270
chr19	25844927	29815664	1.7730	0	0.0000	0.5640	CENTROMERE	MULTIPLE	STRUCTURAL_VARIANT	0	0.4378	25844927	25844927	0.7730	1.0000
chr19	29815665	58617616	2.0450	1	0.5517	0.5110	MULTIPLE	TELOMERE	BAF_WEIGHTED	1	0.4090	29815665	29815665	1.0000	1.0450
chr20	1	28237289	1.9724	2	0.5333	0.5071	TELOMERE	CENTROMERE	BAF_WEIGHTED	2	0.4245	1	1	0.9723	1.0001
chr20	28237290	64444167	1.9695	1	0.5357	0.5077	CENTROMERE	TELOMERE	BAF_WEIGHTED	1	0.4950	28237290	28237290	0.9695	1.0000
chr21	1	11890183	1.9939	0	0.0000	0.5024	TELOMERE	CENTROMERE	LONG_ARM	0	0.0000	1	1	0.9921	1.0018
chr21	11890184	46709983	1.9939	2	0.5403	0.5024	CENTROMERE	TELOMERE	BAF_WEIGHTED	2	0.3490	11890184	11890184	0.9921	1.0018
chr22	1	14004552	1.9453	0	0.0000	0.5141	TELOMERE	CENTROMERE	LONG_ARM	0	0.6845	1	1	0.9452	1.0000
chr22	14004553	50818468	1.9453	2	0.5339	0.5141	CENTROMERE	TELOMERE	BAF_WEIGHTED	2	0.5375	14004553	14004553	0.9452	1.0000
chrX	1	60509060	2.0554	1	0.5161	0.5135	TELOMERE	CENTROMERE	BAF_WEIGHTED	1	0.5140	1	1	1.0000	1.0554
chrX	60509061	156040895	2.0248	2	0.5259	0.5077	CENTROMERE	TELOMERE	BAF_WEIGHTED	2	0.3535	60509061	60509061	0.9968	1.0279
