chromosome	start	end	germlineStatus	bafCount	observedBAF	minorAlleleCopyNumber	minorAlleleCopyNumberDeviation	observedTumorRatio	observedNormalRatio	unnormalisedObservedNormalRatio	majorAlleleCopyNumber	majorAlleleCopyNumberDeviation	deviationPenalty	tumorCopyNumber	fittedTumorCopyNumber	fittedBAF	refNormalisedCopyNumber	ratioSupport	support	depthWindowCount	tumorBAF	gcContent	eventPenalty	minStart	maxStart
chr1	1	820000	UNKNOWN	0	0.0000	0.0000	0.1000	0.0000	0.0000	0.0000	0.0000	1.5000	0.0000	0.0000	0.0000	0.0000	0.0000	true	TELOMERE	0	1.0000	0.0000	1.8000	1	1
chr1	820001	2008000	UNKNOWN	0	0.0000	0.0000	0.1000	0.0000	0.0000	0.0000	0.0000	1.5000	0.0000	0.0000	0.0000	0.0000	0.0000	true	NONE	510	1.0000	0.5769	1.8000	820001	820001
chr1	2008001	2009000	DIPLOID	1	0.5000	0.9882	0.1000	0.9981	1.0050	1.0050	0.9882	0.1124	0.1062	1.9764	0.0000	0.0000	1.9764	true	NONE	1	0.5000	0.4770	1.0094	1	2008001
chr1	2009001	3676000	HOM_DELETION	0	0.0000	0.0000	0.1000	0.0000	0.0012	0.0012	0.0000	1.5000	0.0000	0.0000	0.0000	0.0000	0.0000	true	NONE	836	1.0000	0.5807	1.8000	2009001	2009001
chr1	3676001	3966000	HOM_DELETION	1	0.5161	0.0000	0.1000	0.0000	0.0091	0.0091	0.0000	1.5000	0.8258	0.0000	0.0000	0.0000	0.0000	true	NONE	218	1.0000	0.5370	1.8000	3676001	3676001
chr1	3966001	111588000	HOM_DELETION	28	0.5172	0.0000	0.1000	0.0000	0.0007	0.0007	0.0000	1.5000	0.8275	0.0000	0.0000	0.0000	0.0000	true	NONE	99143	1.0000	0.4215	1.8000	3966001	3966001
chr1	111588001	123605522	HOM_DELETION	0	0.0000	0.0000	0.1000	0.0000	0.0003	0.0003	0.0000	1.5000	0.0000	0.0000	0.0000	0.0000	0.0000	true	NONE	7834	1.0000	0.4117	1.8000	111588001	111588001
chr1	123605523	125000000	CENTROMETIC	0	0.0000	0.0000	0.1000	0.0000	0.0000	0.0000	0.0000	1.5000	0.0000	0.0000	0.0000	0.0000	0.0000	true	CENTROMERE	41	1.0000	0.3756	1.8000	123605523	123605523
chr1	125000001	152960000	HOM_DELETION	0	0.0000	0.0000	0.1000	0.0000	0.0005	0.0005	0.0000	1.5000	0.0000	0.0000	0.0000	0.0000	0.0000	true	NONE	4223	1.0000	0.4326	1.8000	125000001	125000001
chr1	152960001	152961000	DIPLOID	1	0.5000	0.9963	0.1000	1.0063	1.0108	1.0108	0.9963	0.1000	0.1000	1.9927	0.0000	0.0000	1.9927	true	NONE	1	0.5000	0.5390	1.0029	123605523	152960001
chr1	152961001	160581000	HOM_DELETION	0	0.0000	0.0000	0.1000	0.0000	0.0003	0.0003	0.0000	1.5000	0.0000	0.0000	0.0000	0.0000	0.0000	true	NONE	6897	1.0000	0.4466	1.8000	152961001	152961001
chr1	160581001	160582000	DIPLOID	1	0.5294	0.9705	0.2343	0.9951	1.0019	1.0019	1.0000	0.1000	0.1770	1.9705	0.0000	0.0000	1.9705	true	NONE	1	0.5075	0.3960	1.0118	152961001	160581001
chr1	160582001	169947000	UNKNOWN	0	0.0000	0.0000	0.1000	0.0000	0.0000	0.0000	0.0000	1.5000	0.0000	0.0000	0.0000	0.0000	0.0000	true	NONE	8585	1.0000	0.4063	1.8000	160582001	160582001
chr1	169947001	248699000	HOM_DELETION	17	0.5161	0.0000	0.1000	0.0000	0.0006	0.0006	0.0000	1.5000	0.8258	0.0000	0.0000	0.0000	0.0000	true	NONE	72791	1.0000	0.4025	1.8000	169947001	169947001
chr1	248699001	248925000	UNKNOWN	0	0.0000	0.0000	0.1000	0.0000	0.0000	0.0000	0.0000	1.5000	0.0000	0.0000	0.0000	0.0000	0.0000	true	NONE	193	1.0000	0.4470	1.8000	248699001	248699001
chr1	248925001	248956422	UNKNOWN	0	0.0000	0.0000	0.1000	0.0000	0.0000	0.0000	0.0000	1.5000	0.0000	0.0000	0.0000	0.0000	0.0000	true	NONE	0	1.0000	0.0000	1.8000	248925001	248925001
chr2	1	14000	UNKNOWN	0	0.0000	0.0000	0.1000	0.0000	0.0000	0.0000	0.0000	1.5000	0.0000	0.0000	0.0000	0.0000	0.0000	true	TELOMERE	0	1.0000	0.0000	1.8000	1	1
chr2	14001	552000	UNKNOWN	0	0.0000	0.0000	0.1000	0.0000	0.0000	0.0000	0.0000	1.5000	0.0000	0.0000	0.0000	0.0000	0.0000	true	NONE	481	1.0000	0.4250	1.8000	14001	14001
chr2	552001	553000	DIPLOID	1	0.5484	1.0000	0.1000	1.0554	1.0061	1.0061	1.0899	0.6361	0.4037	2.0899	0.0000	0.0000	2.0899	true	NONE	1	0.5215	0.4970	1.0360	1	552001
chr2	553001	766000	HOM_DELETION	0	0.0000	0.0000	0.1000	0.0000	0.0101	0.0101	0.0000	1.5000	0.0000	0.0000	0.0000	0.0000	0.0000	true	NONE	202	1.0000	0.4489	1.8000	553001	553001
chr2	766001	767000	DIPLOID	1	0.5000	0.9982	0.1000	1.0082	1.0068	1.0068	0.9982	0.1000	0.1000	1.9964	0.0000	0.0000	1.9964	true	NONE	1	0.5000	0.5520	1.0014	553001	766001
chr2	767001	1480000	UNKNOWN	0	0.0000	0.0000	0.1000	0.0000	0.0000	0.0000	0.0000	1.5000	0.0000	0.0000	0.0000	0.0000	0.0000	true	NONE	632	1.0000	0.4376	1.8000	767001	767001
chr2	1480001	88534000	HOM_DELETION	28	0.5172	0.0000	0.1000	0.0000	0.0008	0.0008	0.0000	1.5000	0.8275	0.0000	0.0000	0.0000	0.0000	true	NONE	81121	1.0000	0.4062	1.8000	1480001	1480001
chr2	88534001	92081000	UNKNOWN	0	0.0000	0.0000	0.1000	0.0000	0.0000	0.0000	0.0000	1.5000	0.0000	0.0000	0.0000	0.0000	0.0000	true	NONE	498	1.0000	0.4052	1.8000	88534001	88534001
chr2	92081001	93139350	CENTROMETIC	0	0.0000	0.0000	0.1000	0.0000	0.0000	0.0000	0.0000	1.5000	0.0000	0.0000	0.0000	0.0000	0.0000	true	NONE	0	1.0000	0.0000	1.8000	92081001	93139350
chr2	93139351	94930000	CENTROMETIC	0	0.0000	0.0000	0.1000	0.0000	0.0000	0.0000	0.0000	1.5000	0.0000	0.0000	0.0000	0.0000	0.0000	true	CENTROMERE	50	1.0000	0.4432	1.8000	93139351	93139351
chr2	94930001	96176000	UNKNOWN	1	0.5312	0.0000	0.1000	0.0000	0.0000	0.0000	0.0000	1.5000	0.8499	0.0000	0.0000	0.0000	0.0000	true	NONE	566	1.0000	0.4786	1.8000	94930001	94930001
chr2	96176001	96177000	DIPLOID	1	0.5517	1.0000	0.1000	1.0225	1.0296	1.0296	1.0248	0.1974	0.1641	2.0248	0.0000	0.0000	2.0248	true	NONE	1	0.5061	0.4840	1.0099	93139351	96176001
chr2	96177001	96392000	HOM_DELETION	0	0.0000	0.0000	0.1000	0.0000	0.0050	0.0050	0.0000	1.5000	0.0000	0.0000	0.0000	0.0000	0.0000	true	NONE	198	1.0000	0.4663	1.8000	96177001	96177001
chr2	96392001	212686000	HOM_DELETION	16	0.5173	0.0000	0.1000	0.0000	0.0004	0.0004	0.0000	1.5000	0.8277	0.0000	0.0000	0.0000	0.0000	true	NONE	105481	1.0000	0.3881	1.8000	96392001	96392001
chr2	212686001	242099000	HOM_DELETION	0	0.0000	0.0000	0.1000	0.0000	0.0001	0.0001	0.0000	1.5000	0.0000	0.0000	0.0000	0.0000	0.0000	true	NONE	27264	1.0000	0.4310	1.8000	212686001	212686001
chr2	242099001	242193529	UNKNOWN	0	0.0000	0.0000	0.1000	0.0000	0.0000	0.0000	0.0000	1.5000	0.0000	0.0000	0.0000	0.0000	0.0000	true	NONE	0	1.0000	0.0000	1.8000	242099001	242099001
chr3	1	10000	UNKNOWN	0	0.0000	0.0000	0.1000	0.0000	0.0000	0.0000	0.0000	1.5000	0.0000	0.0000	0.0000	0.0000	0.0000	true	TELOMERE	0	1.0000	0.0000	1.8000	1	1
chr3	10001	7883000	HOM_DELETION	0	0.0000	0.0000	0.1000	0.0000	0.0006	0.0006	0.0000	1.5000	0.0000	0.0000	0.0000	0.0000	0.0000	true	NONE	7345	1.0000	0.3838	1.8000	10001	10001
chr3	7883001	7884000	DIPLOID	1	0.5385	1.0000	0.1000	1.0112	0.9843	0.9843	1.0024	0.1000	0.1077	2.0024	0.0000	0.0000	2.0024	true	NONE	1	0.5006	0.3780	1.0010	1	7883001
chr3	7884001	10128000	HOM_DELETION	0	0.0000	0.0000	0.1000	0.0000	0.0025	0.0025	0.0000	1.5000	0.0000	0.0000	0.0000	0.0000	0.0000	true	NONE	2065	1.0000	0.4379	1.8000	7884001	7884001
chr3	10128001	10129000	DIPLOID	1	0.5152	1.0000	0.1000	1.0232	1.0259	1.0259	1.0261	0.2082	0.1588	2.0261	0.0000	0.0000	2.0261	true	NONE	1	0.5065	0.4480	1.0105	7884001	10128001
chr3	10129001	29069000	HOM_DELETION	0	0.0000	0.0000	0.1000	0.0000	0.0001	0.0001	0.0000	1.5000	0.0000	0.0000	0.0000	0.0000	0.0000	true	NONE	17710	1.0000	0.4067	1.8000	10129001	10129001
chr3	29069001	87039000	HOM_DELETION	26	0.5172	0.0000	0.1000	0.0000	0.0010	0.0010	0.0000	1.5000	0.8275	0.0000	0.0000	0.0000	0.0000	true	NONE	54004	1.0000	0.4043	1.8000	29069001	29069001
chr3	87039001	90718000	UNKNOWN	0	0.0000	0.0000	0.1000	0.0000	0.0000	0.0000	0.0000	1.5000	0.0000	0.0000	0.0000	0.0000	0.0000	true	NONE	3242	1.0000	0.3552	1.8000	87039001	87039001
chr3	90718001	92214015	CENTROMETIC	0	0.0000	0.0000	0.1000	0.0000	0.0000	0.0000	0.0000	1.5000	0.0000	0.0000	0.0000	0.0000	0.0000	true	NONE	26	1.0000	0.3573	1.8000	90718001	91310001
chr3	92214016	104172000	HOM_DELETION	0	0.0000	0.0000	0.1000	0.0000	0.0001	0.0001	0.0000	1.5000	0.0000	0.0000	0.0000	0.0000	0.0000	true	CENTROMERE	9590	1.0000	0.3647	1.8000	92214016	92214016
chr3	104172001	104173000	DIPLOID	1	0.5172	0.9798	0.1616	0.9998	1.0505	1.0505	1.0000	0.1000	0.1353	1.9798	0.0000	0.0000	1.9798	true	NONE	1	0.5051	0.5000	1.0081	92214016	104172001
chr3	104173001	112358000	UNKNOWN	0	0.0000	0.0000	0.1000	0.0000	0.0000	0.0000	0.0000	1.5000	0.0000	0.0000	0.0000	0.0000	0.0000	true	NONE	7744	1.0000	0.3707	1.8000	104173001	104173001
chr3	112358001	112359000	DIPLOID	1	0.5357	1.0000	0.1000	1.0283	1.0318	1.0318	1.0362	0.2857	0.2066	2.0362	0.0000	0.0000	2.0362	true	NONE	1	0.5089	0.4320	1.0145	104173001	112358001
chr3	112359001	120630000	HOM_DELETION	0	0.0000	0.0000	0.1000	0.0000	0.0001	0.0001	0.0000	1.5000	0.0000	0.0000	0.0000	0.0000	0.0000	true	NONE	7867	1.0000	0.3837	1.8000	112359001	112359001
chr3	120630001	196221000	HOM_DELETION	19	0.5185	0.0000	0.1000	0.0000	0.0006	0.0006	0.0000	1.5000	0.8296	0.0000	0.0000	0.0000	0.0000	true	NONE	70250	1.0000	0.3952	1.8000	120630001	120630001
chr3	196221001	198116000	HOM_DELETION	0	0.0000	0.0000	0.1000	0.0000	0.0012	0.0012	0.0000	1.5000	0.0000	0.0000	0.0000	0.0000	0.0000	true	NONE	1691	1.0000	0.4327	1.8000	196221001	196221001
chr3	198116001	198295559	UNKNOWN	0	0.0000	0.0000	0.1000	0.0000	0.0000	0.0000	0.0000	1.5000	0.0000	0.0000	0.0000	0.0000	0.0000	true	NONE	0	1.0000	0.0000	1.8000	198116001	198116001
chr4	1	69000	UNKNOWN	0	0.0000	0.0000	0.1000	0.0000	0.0000	0.0000	0.0000	1.5000	0.0000	0.0000	0.0000	0.0000	0.0000	true	TELOMERE	0	1.0000	0.0000	1.8000	1	1
chr4	69001	4335000	UNKNOWN	0	0.0000	0.0000	0.1000	0.0000	0.0000	0.0000	0.0000	1.5000	0.0000	0.0000	0.0000	0.0000	0.0000	true	NONE	2892	1.0000	0.5084	1.8000	69001	69001
chr4	4335001	4336000	DIPLOID	1	0.5429	1.0000	0.1000	1.0639	1.0100	1.0100	1.1067	0.7190	0.4446	2.1067	0.0000	0.0000	2.1067	true	NONE	1	0.5253	0.4900	1.0427	1	4335001
chr4	4336001	29962000	HOM_DELETION	0	0.0000	0.0000	0.1000	0.0000	0.0000	0.0000	0.0000	1.5000	0.0000	0.0000	0.0000	0.0000	0.0000	true	NONE	23286	1.0000	0.4077	1.8000	4336001	4336001
chr4	29962001	29963000	DIPLOID	1	0.5185	1.0000	0.1000	1.0473	1.0575	1.0575	1.0739	0.5444	0.3341	2.0739	0.0000	0.0000	2.0739	true	NONE	1	0.5178	0.3440	1.0295	4336001	29962001
chr4	29963001	31009000	HOM_DELETION	0	0.0000	0.0000	0.1000	0.0000	0.0010	0.0010	0.0000	1.5000	0.0000	0.0000	0.0000	0.0000	0.0000	true	NONE	1017	1.0000	0.3529	1.8000	29963001	29963001
chr4	31009001	36899000	HOM_DELETION	9	0.5185	0.0000	0.1000	0.0000	0.0029	0.0029	0.0000	1.5000	0.8296	0.0000	0.0000	0.0000	0.0000	true	NONE	5613	1.0000	0.3495	1.8000	31009001	31009001
chr4	36899001	49658000	UNKNOWN	0	0.0000	0.0000	0.1000	0.0000	0.0000	0.0000	0.0000	1.5000	0.0000	0.0000	0.0000	0.0000	0.0000	true	NONE	11573	1.0000	0.3872	1.8000	36899001	36899001
chr4	49658001	50726025	CENTROMETIC	0	0.0000	0.0000	0.1000	0.0000	0.0000	0.0000	0.0000	1.5000	0.0000	0.0000	0.0000	0.0000	0.0000	true	NONE	0	1.0000	0.0000	1.8000	49658001	50726025
chr4	50726026	56023000	HOM_DELETION	0	0.0000	0.0000	0.1000	0.0000	0.0008	0.0008	0.0000	1.5000	0.0000	0.0000	0.0000	0.0000	0.0000	true	CENTROMERE	3799	1.0000	0.4020	1.8000	50726026	50726026
chr4	56023001	56024000	DIPLOID	1	0.5152	1.0000	0.1000	1.0259	1.0386	1.0386	1.0315	0.2495	0.1801	2.0315	0.0000	0.0000	2.0315	true	NONE	1	0.5078	0.2860	1.0126	50726026	56023001
chr4	56024001	60645000	UNKNOWN	0	0.0000	0.0000	0.1000	0.0000	0.0000	0.0000	0.0000	1.5000	0.0000	0.0000	0.0000	0.0000	0.0000	true	NONE	4213	1.0000	0.3714	1.8000	56024001	56024001
chr4	60645001	60646000	DIPLOID	1	0.5185	1.0000	0.1000	1.0134	1.0120	1.0120	1.0067	0.1000	0.1037	2.0067	0.0000	0.0000	2.0067	true	NONE	1	0.5017	0.3010	1.0027	56024001	60645001
chr4	60646001	60711000	HOM_DELETION	0	0.0000	0.0000	0.1000	0.0000	0.0351	0.0351	0.0000	1.5000	0.0000	0.0000	0.0000	0.0000	0.0000	true	NONE	58	1.0000	0.3443	1.8000	60646001	60646001
chr4	60711001	182841000	HOM_DELETION	37	0.5172	0.0000	0.1000	0.0000	0.0008	0.0008	0.0000	1.5000	0.8275	0.0000	0.0000	0.0000	0.0000	true	NONE	112705	1.0000	0.3691	1.8000	60711001	60711001
chr4	182841001	190021000	HOM_DELETION	0	0.0000	0.0000	0.1000	0.0000	0.0002	0.0002	0.0000	1.5000	0.0000	0.0000	0.0000	0.0000	0.0000	true	NONE	6432	1.0000	0.4104	1.8000	182841001	182841001
chr4	190021001	190214555	UNKNOWN	0	0.0000	0.0000	0.1000	0.0000	0.0000	0.0000	0.0000	1.5000	0.0000	0.0000	0.0000	0.0000	0.0000	true	NONE	0	1.0000	0.0000	1.8000	190021001	190021001
chr5	1	13000	UNKNOWN	0	0.0000	0.0000	0.1000	0.0000	0.0000	0.0000	0.0000	1.5000	0.0000	0.0000	0.0000	0.0000	0.0000	true	TELOMERE	0	1.0000	0.0000	1.8000	1	1
chr5	13001	13554000	HOM_DELETION	0	0.0000	0.0000	0.1000	0.0000	0.0001	0.0001	0.0000	1.5000	0.0000	0.0000	0.0000	0.0000	0.0000	true	NONE	12232	1.0000	0.4246	1.8000	13001	13001
chr5	13554001	13555000	DIPLOID	1	0.5152	1.0000	0.1000	1.0222	1.0217	1.0217	1.0242	0.1928	0.1508	2.0242	0.0000	0.0000	2.0242	true	NONE	1	0.5060	0.4410	1.0097	1	13554001
chr5	13555001	15248000	HOM_DELETION	0	0.0000	0.0000	0.1000	0.0000	0.0006	0.0006	0.0000	1.5000	0.0000	0.0000	0.0000	0.0000	0.0000	true	NONE	1643	1.0000	0.4157	1.8000	13555001	13555001
chr5	15248001	15249000	DIPLOID	1	0.5161	0.9659	0.2691	0.9928	1.0051	1.0051	1.0000	0.1000	0.1905	1.9659	0.0000	0.0000	1.9659	true	NONE	1	0.5087	0.3000	1.0136	13555001	15248001
chr5	15249001	36702000	HOM_DELETION	0	0.0000	0.0000	0.1000	0.0000	0.0003	0.0003	0.0000	1.5000	0.0000	0.0000	0.0000	0.0000	0.0000	true	NONE	19175	1.0000	0.3713	1.8000	15249001	15249001
chr5	36702001	41523000	HOM_DELETION	4	0.5409	0.0000	0.1000	0.0000	0.0018	0.0018	0.0000	1.5000	0.8654	0.0000	0.0000	0.0000	0.0000	true	NONE	4501	1.0000	0.3873	1.8000	36702001	36702001
chr5	41523001	47101000	HOM_DELETION	0	0.0000	0.0000	0.1000	0.0000	0.0012	0.0012	0.0000	1.5000	0.0000	0.0000	0.0000	0.0000	0.0000	true	NONE	4384	1.0000	0.3728	1.8000	41523001	41523001
chr5	47101001	48272853	CENTROMETIC	0	0.0000	0.0000	0.1000	0.0000	0.0000	0.0000	0.0000	1.5000	0.0000	0.0000	0.0000	0.0000	0.0000	true	NONE	0	1.0000	0.0000	1.8000	47101001	48272853
chr5	48272854	80008000	HOM_DELETION	0	0.0000	0.0000	0.1000	0.0000	0.0002	0.0002	0.0000	1.5000	0.0000	0.0000	0.0000	0.0000	0.0000	true	CENTROMERE	25816	1.0000	0.3909	1.8000	48272854	48272854
chr5	80008001	80009000	DIPLOID	1	0.5161	0.9661	0.2676	0.9929	0.9983	0.9983	1.0000	0.1000	0.1897	1.9661	0.0000	0.0000	1.9661	true	NONE	1	0.5086	0.3610	1.0135	48272854	80008001
chr5	80009001	114275000	HOM_DELETION	0	0.0000	0.0000	0.1000	0.0000	0.0003	0.0003	0.0000	1.5000	0.0000	0.0000	0.0000	0.0000	0.0000	true	NONE	31716	1.0000	0.3669	1.8000	80009001	80009001
chr5	114275001	114284000	HET_DELETION	1	0.5517	0.0000	0.1000	0.0000	0.1998	0.1998	0.0000	1.5000	0.8827	0.0000	0.0000	0.0000	0.0000	true	NONE	5	1.0000	0.3788	1.8000	114275001	114275001
chr5	114284001	181282000	HOM_DELETION	39	0.5185	0.0000	0.1000	0.0000	0.0013	0.0013	0.0000	1.5000	0.8296	0.0000	0.0000	0.0000	0.0000	true	NONE	62116	1.0000	0.4113	1.8000	114284001	114284001
chr5	181282001	181538259	UNKNOWN	0	0.0000	0.0000	0.1000	0.0000	0.0000	0.0000	0.0000	1.5000	0.0000	0.0000	0.0000	0.0000	0.0000	true	NONE	0	1.0000	0.0000	1.8000	181282001	181282001
chr6	1	150000	UNKNOWN	0	0.0000	0.0000	0.1000	0.0000	0.0000	0.0000	0.0000	1.5000	0.0000	0.0000	0.0000	0.0000	0.0000	true	TELOMERE	0	1.0000	0.0000	1.8000	1	1
chr6	150001	151000	UNKNOWN	1	0.5161	0.0000	0.1000	0.0000	0.0000	0.0000	0.0000	1.5000	0.8258	0.0000	0.0000	0.0000	0.0000	true	NONE	0	1.0000	0.0000	1.8000	150001	150001
chr6	151001	160000	UNKNOWN	0	0.0000	0.0000	0.1000	0.0000	0.0000	0.0000	0.0000	1.5000	0.0000	0.0000	0.0000	0.0000	0.0000	true	NONE	0	1.0000	0.0000	1.8000	151001	151001
chr6	160001	755000	HOM_DELETION	0	0.0000	0.0000	0.1000	0.0000	0.0018	0.0018	0.0000	1.5000	0.0000	0.0000	0.0000	0.0000	0.0000	true	NONE	562	1.0000	0.4355	1.8000	160001	160001
chr6	755001	756000	DIPLOID	1	0.5000	0.9830	0.1366	0.9928	0.9954	0.9954	0.9830	0.1621	0.1493	1.9659	0.0000	0.0000	1.9659	true	NONE	1	0.5000	0.4520	1.0136	1	755001
chr6	756001	1045000	UNKNOWN	0	0.0000	0.0000	0.1000	0.0000	0.0000	0.0000	0.0000	1.5000	0.0000	0.0000	0.0000	0.0000	0.0000	true	NONE	274	1.0000	0.4316	1.8000	756001	756001
chr6	1045001	57994000	HOM_DELETION	23	0.5172	0.0000	0.1000	0.0000	0.0012	0.0012	0.0000	1.5000	0.8275	0.0000	0.0000	0.0000	0.0000	true	NONE	52804	1.0000	0.4171	1.8000	1045001	1045001
chr6	57994001	59191910	CENTROMETIC	0	0.0000	0.0000	0.1000	0.0000	0.0000	0.0000	0.0000	1.5000	0.0000	0.0000	0.0000	0.0000	0.0000	true	NONE	22	1.0000	0.3823	1.8000	57994001	57994001
chr6	59191911	60727000	CENTROMETIC	0	0.0000	0.0000	0.1000	0.0000	0.0000	0.0000	0.0000	1.5000	0.0000	0.0000	0.0000	0.0000	0.0000	true	CENTROMERE	85	1.0000	0.3659	1.8000	59191911	59191911
chr6	60727001	73682000	UNKNOWN	0	0.0000	0.0000	0.1000	0.0000	0.0000	0.0000	0.0000	1.5000	0.0000	0.0000	0.0000	0.0000	0.0000	true	NONE	11435	1.0000	0.3597	1.8000	60727001	61018001
chr6	73682001	73683000	DIPLOID	1	0.5714	0.9756	0.1943	0.9977	1.0355	1.0355	1.0000	0.1000	0.1682	1.9756	0.0000	0.0000	1.9756	true	NONE	1	0.5062	0.5080	1.0097	59191911	73682001
chr6	73683001	73770000	HOM_DELETION	0	0.0000	0.0000	0.1000	0.0000	0.0250	0.0250	0.0000	1.5000	0.0000	0.0000	0.0000	0.0000	0.0000	true	NONE	81	1.0000	0.3956	1.8000	73683001	73683001
chr6	73770001	73771000	DIPLOID	1	0.5172	1.0000	0.1000	1.0112	0.9894	0.9894	1.0024	0.1000	0.1034	2.0024	0.0000	0.0000	2.0024	true	NONE	1	0.5006	0.4770	1.0010	73683001	73770001
chr6	73771001	81336000	UNKNOWN	0	0.0000	0.0000	0.1000	0.0000	0.0000	0.0000	0.0000	1.5000	0.0000	0.0000	0.0000	0.0000	0.0000	true	NONE	6807	1.0000	0.3656	1.8000	73771001	73771001
chr6	81336001	170273000	HOM_DELETION	20	0.5161	0.0000	0.1000	0.0000	0.0005	0.0005	0.0000	1.5000	0.8258	0.0000	0.0000	0.0000	0.0000	true	NONE	83404	1.0000	0.3877	1.8000	81336001	81336001
chr6	170273001	170606000	HOM_DELETION	0	0.0000	0.0000	0.1000	0.0000	0.0035	0.0035	0.0000	1.5000	0.0000	0.0000	0.0000	0.0000	0.0000	true	NONE	297	1.0000	0.4454	1.8000	170273001	170273001
chr6	170606001	170805979	UNKNOWN	0	0.0000	0.0000	0.1000	0.0000	0.0000	0.0000	0.0000	1.5000	0.0000	0.0000	0.0000	0.0000	0.0000	true	NONE	0	1.0000	0.0000	1.8000	170606001	170606001
chr7	1	41000	UNKNOWN	0	0.0000	0.0000	0.1000	0.0000	0.0000	0.0000	0.0000	1.5000	0.0000	0.0000	0.0000	0.0000	0.0000	true	TELOMERE	0	1.0000	0.0000	1.8000	1	1
chr7	41001	3308000	UNKNOWN	0	0.0000	0.0000	0.1000	0.0000	0.0000	0.0000	0.0000	1.5000	0.0000	0.0000	0.0000	0.0000	0.0000	true	NONE	2338	1.0000	0.5380	1.8000	41001	41001
chr7	3308001	3309000	DIPLOID	1	0.5161	0.9772	0.1819	0.9985	1.0083	1.0083	1.0000	0.1000	0.1455	1.9772	0.0000	0.0000	1.9772	true	NONE	1	0.5058	0.3400	1.0091	1	3308001
chr7	3309001	3321000	HET_DELETION	0	0.0000	0.0000	0.1000	0.0000	0.1697	0.1697	0.0000	1.5000	0.0000	0.0000	0.0000	0.0000	0.0000	true	NONE	12	1.0000	0.3837	1.8000	3309001	3309001
chr7	3321001	3322000	DIPLOID	1	0.5172	0.9588	0.3226	0.9892	1.0151	1.0151	1.0000	0.1000	0.2186	1.9588	0.0000	0.0000	1.9588	true	NONE	1	0.5105	0.3920	1.0165	3309001	3321001
chr7	3322001	32987000	HOM_DELETION	0	0.0000	0.0000	0.1000	0.0000	0.0001	0.0001	0.0000	1.5000	0.0000	0.0000	0.0000	0.0000	0.0000	true	NONE	27110	1.0000	0.3943	1.8000	3322001	3322001
chr7	32987001	51711000	HOM_DELETION	24	0.5178	0.0000	0.1000	0.0000	0.0025	0.0025	0.0000	1.5000	0.8286	0.0000	0.0000	0.0000	0.0000	true	NONE	17023	1.0000	0.4103	1.8000	32987001	32987001
chr7	51711001	58119000	UNKNOWN	0	0.0000	0.0000	0.1000	0.0000	0.0000	0.0000	0.0000	1.5000	0.0000	0.0000	0.0000	0.0000	0.0000	true	NONE	4937	1.0000	0.3957	1.8000	51711001	51711001
chr7	58119001	59498943	CENTROMETIC	0	0.0000	0.0000	0.1000	0.0000	0.0000	0.0000	0.0000	1.5000	0.0000	0.0000	0.0000	0.0000	0.0000	true	NONE	0	1.0000	0.0000	1.8000	58119001	59498943
chr7	59498944	65407000	HOM_DELETION	0	0.0000	0.0000	0.1000	0.0000	0.0005	0.0005	0.0000	1.5000	0.0000	0.0000	0.0000	0.0000	0.0000	true	CENTROMERE	2009	1.0000	0.3967	1.8000	59498944	59498944
chr7	65407001	66561000	HOM_DELETION	1	0.5714	0.0000	0.1000	0.0000	0.0016	0.0016	0.0000	1.5000	0.9142	0.0000	0.0000	0.0000	0.0000	true	NONE	655	1.0000	0.4489	1.8000	65407001	65407001
chr7	66561001	66562000	DIPLOID	1	0.5294	0.9713	0.2282	0.9955	1.0037	1.0037	1.0000	0.1000	0.1737	1.9713	0.0000	0.0000	1.9713	true	NONE	1	0.5073	0.4680	1.0115	59498944	66561001
chr7	66562001	84206000	HOM_DELETION	0	0.0000	0.0000	0.1000	0.0000	0.0001	0.0001	0.0000	1.5000	0.0000	0.0000	0.0000	0.0000	0.0000	true	NONE	14324	1.0000	0.4109	1.8000	66562001	66562001
chr7	84206001	158839000	HOM_DELETION	19	0.5333	0.0000	0.1000	0.0000	0.0006	0.0006	0.0000	1.5000	0.8533	0.0000	0.0000	0.0000	0.0000	true	NONE	67182	1.0000	0.4007	1.8000	84206001	84206001
chr7	158839001	159332000	UNKNOWN	0	0.0000	0.0000	0.1000	0.0000	0.0000	0.0000	0.0000	1.5000	0.0000	0.0000	0.0000	0.0000	0.0000	true	NONE	422	1.0000	0.4585	1.8000	158839001	158839001
chr7	159332001	159345973	UNKNOWN	0	0.0000	0.0000	0.1000	0.0000	0.0000	0.0000	0.0000	1.5000	0.0000	0.0000	0.0000	0.0000	0.0000	true	NONE	0	1.0000	0.0000	1.8000	159332001	159332001
chr8	1	220000	UNKNOWN	0	0.0000	0.0000	0.1000	0.0000	0.0000	0.0000	0.0000	1.5000	0.0000	0.0000	0.0000	0.0000	0.0000	true	TELOMERE	0	1.0000	0.0000	1.8000	1	1
chr8	220001	2711000	HOM_DELETION	0	0.0000	0.0000	0.1000	0.0000	0.0006	0.0006	0.0000	1.5000	0.0000	0.0000	0.0000	0.0000	0.0000	true	NONE	1868	1.0000	0.4628	1.8000	220001	220001
chr8	2711001	2712000	AMPLIFICATION	1	0.5172	1.2923	0.9968	1.3517	1.3685	1.3685	1.3844	0.9999	1.0327	2.6766	0.0000	0.0000	2.6766	true	NONE	1	0.5172	0.2930	1.2707	2711001	2711001
chr8	2712001	2827000	HOM_DELETION	0	0.0000	0.0000	0.1000	0.0000	0.0092	0.0092	0.0000	1.5000	0.0000	0.0000	0.0000	0.0000	0.0000	true	NONE	112	1.0000	0.3816	1.8000	2712001	2712001
chr8	2827001	2828000	DIPLOID	1	0.5312	0.9917	0.1000	1.0058	1.0210	1.0210	1.0000	0.1000	0.1062	1.9917	0.0000	0.0000	1.9917	true	NONE	1	0.5021	0.4210	1.0033	1	2827001
chr8	2828001	4648000	HOM_DELETION	0	0.0000	0.0000	0.1000	0.0000	0.0012	0.0012	0.0000	1.5000	0.0000	0.0000	0.0000	0.0000	0.0000	true	NONE	1746	1.0000	0.3868	1.8000	2828001	2828001
chr8	4648001	32193000	HOM_DELETION	20	0.5172	0.0000	0.1000	0.0000	0.0017	0.0017	0.0000	1.5000	0.8275	0.0000	0.0000	0.0000	0.0000	true	NONE	24472	1.0000	0.4132	1.8000	4648001	4648001
chr8	32193001	43965000	UNKNOWN	0	0.0000	0.0000	0.1000	0.0000	0.0000	0.0000	0.0000	1.5000	0.0000	0.0000	0.0000	0.0000	0.0000	true	NONE	11096	1.0000	0.4082	1.8000	32193001	32193001
chr8	43965001	44955504	CENTROMETIC	0	0.0000	0.0000	0.1000	0.0000	0.0000	0.0000	0.0000	1.5000	0.0000	0.0000	0.0000	0.0000	0.0000	true	NONE	0	1.0000	0.0000	1.8000	43965001	44955504
chr8	44955505	56571000	HOM_DELETION	0	0.0000	0.0000	0.1000	0.0000	0.0006	0.0006	0.0000	1.5000	0.0000	0.0000	0.0000	0.0000	0.0000	true	CENTROMERE	9756	1.0000	0.4002	1.8000	44955505	44955505
chr8	56571001	56572000	DIPLOID	1	0.5172	1.0000	0.1000	1.0159	1.0384	1.0384	1.0117	0.1000	0.1034	2.0117	0.0000	0.0000	2.0117	true	NONE	1	0.5029	0.3390	1.0047	44955505	56571001
chr8	56572001	76488000	HOM_DELETION	0	0.0000	0.0000	0.1000	0.0000	0.0006	0.0006	0.0000	1.5000	0.0000	0.0000	0.0000	0.0000	0.0000	true	NONE	18649	1.0000	0.3837	1.8000	56572001	56572001
chr8	76488001	76489000	DIPLOID	1	0.5172	0.9382	0.4674	0.9788	1.0135	1.0135	1.0000	0.1000	0.2934	1.9382	0.0000	0.0000	1.9382	true	NONE	1	0.5159	0.4090	1.0247	56572001	76488001
chr8	76489001	82220000	HOM_DELETION	0	0.0000	0.0000	0.1000	0.0000	0.0004	0.0004	0.0000	1.5000	0.0000	0.0000	0.0000	0.0000	0.0000	true	NONE	5435	1.0000	0.3717	1.8000	76489001	76489001
chr8	82220001	145014000	HOM_DELETION	23	0.5161	0.0000	0.1000	0.0000	0.0010	0.0010	0.0000	1.5000	0.8258	0.0000	0.0000	0.0000	0.0000	true	NONE	58052	1.0000	0.3994	1.8000	82220001	82220001
chr8	145014001	145070000	UNKNOWN	0	0.0000	0.0000	0.1000	0.0000	0.0000	0.0000	0.0000	1.5000	0.0000	0.0000	0.0000	0.0000	0.0000	true	NONE	36	1.0000	0.4496	1.8000	145014001	145014001
chr8	145070001	145138636	UNKNOWN	0	0.0000	0.0000	0.1000	0.0000	0.0000	0.0000	0.0000	1.5000	0.0000	0.0000	0.0000	0.0000	0.0000	true	NONE	0	1.0000	0.0000	1.8000	145070001	145070001
chr9	1	204000	UNKNOWN	0	0.0000	0.0000	0.1000	0.0000	0.0000	0.0000	0.0000	1.5000	0.0000	0.0000	0.0000	0.0000	0.0000	true	TELOMERE	0	1.0000	0.0000	1.8000	1	1
chr9	204001	7525000	UNKNOWN	0	0.0000	0.0000	0.1000	0.0000	0.0000	0.0000	0.0000	1.5000	0.0000	0.0000	0.0000	0.0000	0.0000	true	NONE	6822	1.0000	0.4001	1.8000	204001	204001
chr9	7525001	7526000	DIPLOID	1	0.5667	0.9733	0.2128	0.9965	1.0009	1.0009	1.0000	0.1000	0.1773	1.9733	0.0000	0.0000	1.9733	true	NONE	1	0.5068	0.3210	1.0107	1	7525001
chr9	7526001	7618000	HOM_DELETION	0	0.0000	0.0000	0.1000	0.0000	0.0219	0.0219	0.0000	1.5000	0.0000	0.0000	0.0000	0.0000	0.0000	true	NONE	92	1.0000	0.3880	1.8000	7526001	7526001
chr9	7618001	7619000	DIPLOID	1	0.5312	0.9652	0.2751	0.9924	0.9991	0.9991	1.0000	0.1000	0.1993	1.9652	0.0000	0.0000	1.9652	true	NONE	1	0.5089	0.3950	1.0139	7526001	7618001
chr9	7619001	8105000	UNKNOWN	0	0.0000	0.0000	0.1000	0.0000	0.0000	0.0000	0.0000	1.5000	0.0000	0.0000	0.0000	0.0000	0.0000	true	NONE	449	1.0000	0.3846	1.8000	7619001	7619001
chr9	8105001	20414426	HOM_DELETION	7	0.5000	0.0000	0.1000	0.0000	0.0014	0.0014	0.0000	1.5000	0.8000	0.0000	0.0000	0.0000	0.0000	true	NONE	11595	1.0000	0.3760	1.8000	8105001	8105001
chr9	20414427	20415000	UNKNOWN	0	0.0000	0.0000	0.1000	0.0000	0.0000	0.0000	0.0000	1.5000	0.0000	0.0000	0.0000	0.0000	0.0000	false	BND	0	1.0000	0.0000	1.8000	20414427	20414427
chr9	20415001	21771000	HOM_DELETION	1	0.5161	0.0000	0.1000	0.0000	0.0013	0.0013	0.0000	1.5000	0.8258	0.0000	0.0000	0.0000	0.0000	false	BND	1216	1.0000	0.3716	1.8000	20415001	20415001
chr9	21771001	43220000	HOM_DELETION	0	0.0000	0.0000	0.1000	0.0000	0.0001	0.0001	0.0000	1.5000	0.0000	0.0000	0.0000	0.0000	0.0000	true	NONE	15545	1.0000	0.3922	1.8000	21771001	21771001
chr9	43220001	44377362	CENTROMETIC	0	0.0000	0.0000	0.1000	0.0000	0.0000	0.0000	0.0000	1.5000	0.0000	0.0000	0.0000	0.0000	0.0000	true	NONE	0	1.0000	0.0000	1.8000	43220001	44377362
chr9	44377363	80597000	HOM_DELETION	0	0.0000	0.0000	0.1000	0.0000	0.0003	0.0003	0.0000	1.5000	0.0000	0.0000	0.0000	0.0000	0.0000	true	CENTROMERE	11587	1.0000	0.3904	1.8000	44377363	44377363
chr9	80597001	80598000	DIPLOID	1	0.5172	1.0000	0.1000	1.0166	1.0363	1.0363	1.0131	0.1050	0.1060	2.0131	0.0000	0.0000	2.0131	true	NONE	1	0.5032	0.3080	1.0052	44377363	80597001
chr9	80598001	80671000	HOM_DELETION	0	0.0000	0.0000	0.1000	0.0000	0.0358	0.0358	0.0000	1.5000	0.0000	0.0000	0.0000	0.0000	0.0000	true	NONE	57	1.0000	0.3593	1.8000	80598001	80598001
chr9	80671001	80672000	DIPLOID	1	0.5312	1.0000	0.1000	1.0412	1.0483	1.0483	1.0618	0.4674	0.3014	2.0618	0.0000	0.0000	2.0618	true	NONE	1	0.5150	0.3950	1.0247	80598001	80671001
chr9	80672001	80737000	HOM_DELETION	0	0.0000	0.0000	0.1000	0.0000	0.0168	0.0168	0.0000	1.5000	0.0000	0.0000	0.0000	0.0000	0.0000	true	NONE	62	1.0000	0.3612	1.8000	80672001	80672001
chr9	80737001	129904000	HOM_DELETION	37	0.5161	0.0000	0.1000	0.0000	0.0016	0.0016	0.0000	1.5000	0.8258	0.0000	0.0000	0.0000	0.0000	true	NONE	45583	1.0000	0.4227	1.8000	80737001	80737001
chr9	129904001	138125000	HOM_DELETION	0	0.0000	0.0000	0.1000	0.0000	0.0002	0.0002	0.0000	1.5000	0.0000	0.0000	0.0000	0.0000	0.0000	true	NONE	6303	1.0000	0.5268	1.8000	129904001	129904001
chr9	138125001	138394717	UNKNOWN	0	0.0000	0.0000	0.1000	0.0000	0.0000	0.0000	0.0000	1.5000	0.0000	0.0000	0.0000	0.0000	0.0000	true	NONE	0	1.0000	0.0000	1.8000	138125001	138125001
chr10	1	79000	UNKNOWN	0	0.0000	0.0000	0.1000	0.0000	0.0000	0.0000	0.0000	1.5000	0.0000	0.0000	0.0000	0.0000	0.0000	true	TELOMERE	0	1.0000	0.0000	1.8000	1	1
chr10	79001	5538000	HOM_DELETION	0	0.0000	0.0000	0.1000	0.0000	0.0006	0.0006	0.0000	1.5000	0.0000	0.0000	0.0000	0.0000	0.0000	true	NONE	5045	1.0000	0.4270	1.8000	79001	79001
chr10	5538001	5539000	DIPLOID	1	0.5312	1.0000	0.1000	1.0327	1.0416	1.0416	1.0450	0.3502	0.2391	2.0450	0.0000	0.0000	2.0450	true	NONE	1	0.5110	0.4880	1.0180	1	5538001
chr10	5539001	5569000	HOM_DELETION	0	0.0000	0.0000	0.1000	0.0000	0.0348	0.0348	0.0000	1.5000	0.0000	0.0000	0.0000	0.0000	0.0000	true	NONE	29	1.0000	0.5048	1.8000	5539001	5539001
chr10	5569001	5570000	DIPLOID	1	0.5333	0.9457	0.4163	0.9826	0.9822	0.9822	1.0000	0.1000	0.2753	1.9457	0.0000	0.0000	1.9457	true	NONE	1	0.5139	0.4410	1.0217	5539001	5569001
chr10	5570001	5594000	UNKNOWN	0	0.0000	0.0000	0.1000	0.0000	0.0000	0.0000	0.0000	1.5000	0.0000	0.0000	0.0000	0.0000	0.0000	true	NONE	23	1.0000	0.5193	1.8000	5570001	5570001
chr10	5594001	21245000	HOM_DELETION	10	0.5081	0.0000	0.1000	0.0000	0.0014	0.0014	0.0000	1.5000	0.8129	0.0000	0.0000	0.0000	0.0000	true	NONE	14923	1.0000	0.4091	1.8000	5594001	5594001
chr10	21245001	39566000	HOM_DELETION	0	0.0000	0.0000	0.1000	0.0000	0.0002	0.0002	0.0000	1.5000	0.0000	0.0000	0.0000	0.0000	0.0000	true	NONE	16349	1.0000	0.4042	1.8000	21245001	21245001
chr10	39566001	40640101	CENTROMETIC	0	0.0000	0.0000	0.1000	0.0000	0.0000	0.0000	0.0000	1.5000	0.0000	0.0000	0.0000	0.0000	0.0000	true	NONE	0	1.0000	0.0000	1.8000	39566001	40640101
chr10	40640102	45442000	UNKNOWN	0	0.0000	0.0000	0.1000	0.0000	0.0000	0.0000	0.0000	1.5000	0.0000	0.0000	0.0000	0.0000	0.0000	true	CENTROMERE	2770	1.0000	0.4392	1.8000	40640102	40640102
chr10	45442001	45443000	DIPLOID	1	0.5172	1.0000	0.1000	1.0196	0.9970	0.9970	1.0190	0.1523	0.1305	2.0190	0.0000	0.0000	2.0190	true	NONE	1	0.5047	0.5830	1.0076	40640102	45442001
chr10	45443001	45549000	UNKNOWN	0	0.0000	0.0000	0.1000	0.0000	0.0000	0.0000	0.0000	1.5000	0.0000	0.0000	0.0000	0.0000	0.0000	true	NONE	97	1.0000	0.4152	1.8000	45443001	45443001
chr10	45549001	45550000	DIPLOID	1	0.5333	1.0000	0.1000	1.0272	1.0357	1.0357	1.0341	0.2692	0.1969	2.0341	0.0000	0.0000	2.0341	true	NONE	1	0.5084	0.4690	1.0136	45443001	45549001
chr10	45550001	45568000	HET_DELETION	0	0.0000	0.0000	0.1000	0.0000	0.1133	0.1133	0.0000	1.5000	0.0000	0.0000	0.0000	0.0000	0.0000	true	NONE	18	1.0000	0.3879	1.8000	45550001	45550001
chr10	45568001	129680000	HOM_DELETION	36	0.5178	0.0000	0.1000	0.0000	0.0009	0.0009	0.0000	1.5000	0.8286	0.0000	0.0000	0.0000	0.0000	true	NONE	76600	1.0000	0.4135	1.8000	45568001	45568001
chr10	129680001	133622000	HOM_DELETION	0	0.0000	0.0000	0.1000	0.0000	0.0003	0.0003	0.0000	1.5000	0.0000	0.0000	0.0000	0.0000	0.0000	true	NONE	3153	1.0000	0.5041	1.8000	129680001	129680001
chr10	133622001	133797422	UNKNOWN	0	0.0000	0.0000	0.1000	0.0000	0.0000	0.0000	0.0000	1.5000	0.0000	0.0000	0.0000	0.0000	0.0000	true	NONE	0	1.0000	0.0000	1.8000	133622001	133622001
chr11	1	200000	UNKNOWN	0	0.0000	0.0000	0.1000	0.0000	0.0000	0.0000	0.0000	1.5000	0.0000	0.0000	0.0000	0.0000	0.0000	true	TELOMERE	0	1.0000	0.6143	1.8000	1	1
chr11	200001	3107000	UNKNOWN	0	0.0000	0.0000	0.1000	0.0000	0.0000	0.0000	0.0000	1.5000	0.0000	0.0000	0.0000	0.0000	0.0000	true	NONE	1705	1.0000	0.5512	1.8000	200001	200001
chr11	3107001	3490000	UNKNOWN	1	0.5333	0.0000	0.1000	0.0000	0.0000	0.0000	0.0000	1.5000	0.8533	0.0000	0.0000	0.0000	0.0000	true	NONE	144	1.0000	0.5108	1.8000	3107001	3107001
chr11	3490001	5039000	UNKNOWN	1	0.5652	0.0000	0.1000	0.0000	0.0000	0.0000	0.0000	1.5000	0.9043	0.0000	0.0000	0.0000	0.0000	true	NONE	1195	1.0000	0.4139	1.8000	3490001	3490001
chr11	5039001	36327000	HOM_DELETION	28	0.5167	0.0000	0.1000	0.0000	0.0021	0.0021	0.0000	1.5000	0.8266	0.0000	0.0000	0.0000	0.0000	true	NONE	29255	1.0000	0.4003	1.8000	5039001	5039001
chr11	36327001	50821000	HOM_DELETION	0	0.0000	0.0000	0.1000	0.0000	0.0001	0.0001	0.0000	1.5000	0.0000	0.0000	0.0000	0.0000	0.0000	true	NONE	12183	1.0000	0.4032	1.8000	36327001	36327001
chr11	50821001	52751710	CENTROMETIC	0	0.0000	0.0000	0.1000	0.0000	0.0000	0.0000	0.0000	1.5000	0.0000	0.0000	0.0000	0.0000	0.0000	true	NONE	0	1.0000	0.0000	1.8000	50821001	52751710
chr11	52751711	59014000	HOM_DELETION	0	0.0000	0.0000	0.1000	0.0000	0.0003	0.0003	0.0000	1.5000	0.0000	0.0000	0.0000	0.0000	0.0000	true	CENTROMERE	3711	1.0000	0.3903	1.8000	52751711	52751711
chr11	59014001	59015000	DIPLOID	1	0.5333	1.0000	0.1000	1.0177	1.0226	1.0226	1.0153	0.1224	0.1186	2.0153	0.0000	0.0000	2.0153	true	NONE	1	0.5038	0.3260	1.0061	52751711	59014001
chr11	59015001	79508000	HOM_DELETION	0	0.0000	0.0000	0.1000	0.0000	0.0002	0.0002	0.0000	1.5000	0.0000	0.0000	0.0000	0.0000	0.0000	true	NONE	17605	1.0000	0.4720	1.8000	59015001	59015001
chr11	79508001	79509000	DIPLOID	1	0.5172	1.0000	0.1000	1.0262	1.0257	1.0257	1.0321	0.2541	0.1831	2.0321	0.0000	0.0000	2.0321	true	NONE	1	0.5079	0.4400	1.0128	59015001	79508001
chr11	79509001	79520000	HOM_DELETION	0	0.0000	0.0000	0.1000	0.0000	0.0930	0.0930	0.0000	1.5000	0.0000	0.0000	0.0000	0.0000	0.0000	true	NONE	11	1.0000	0.4426	1.8000	79509001	79509001
chr11	79520001	118484974	HOM_DELETION	9	0.5185	0.0000	0.1000	0.0000	0.0006	0.0006	0.0000	1.5000	0.8296	0.0000	0.0000	0.0000	0.0000	true	NONE	35659	1.0000	0.3885	1.8000	79520001	79520001
chr11	118484975	118485000	UNKNOWN	0	0.0000	0.0000	0.1000	0.0000	0.0000	0.0000	0.0000	1.5000	0.0000	0.0000	0.0000	0.0000	0.0000	false	BND	0	1.0000	0.0000	1.8000	118484975	118484975
chr11	118485001	122777000	HOM_DELETION	8	0.5172	0.0000	0.1000	0.0000	0.0036	0.0036	0.0000	1.5000	0.8275	0.0000	0.0000	0.0000	0.0000	false	BND	4069	1.0000	0.4505	1.8000	118485001	118485001
chr11	122777001	135076000	UNKNOWN	0	0.0000	0.0000	0.1000	0.0000	0.0000	0.0000	0.0000	1.5000	0.0000	0.0000	0.0000	0.0000	0.0000	true	NONE	11563	1.0000	0.4293	1.8000	122777001	122777001
chr11	135076001	135086622	UNKNOWN	0	0.0000	0.0000	0.1000	0.0000	0.0000	0.0000	0.0000	1.5000	0.0000	0.0000	0.0000	0.0000	0.0000	true	NONE	0	1.0000	0.0000	1.8000	135076001	135076001
chr12	1	21000	UNKNOWN	0	0.0000	0.0000	0.1000	0.0000	0.0000	0.0000	0.0000	1.5000	0.0000	0.0000	0.0000	0.0000	0.0000	true	TELOMERE	0	1.0000	0.0000	1.8000	1	1
chr12	21001	1552000	HOM_DELETION	0	0.0000	0.0000	0.1000	0.0000	0.0007	0.0007	0.0000	1.5000	0.0000	0.0000	0.0000	0.0000	0.0000	true	NONE	1396	1.0000	0.4327	1.8000	21001	21001
chr12	1552001	1553000	AMPLIFICATION	1	0.5000	1.3235	0.9989	1.3367	1.3482	1.3482	1.3235	0.9989	0.9989	2.6469	0.0000	0.0000	2.6469	true	NONE	1	0.5000	0.4890	1.2588	1552001	1552001
chr12	1553001	3115000	HOM_DELETION	0	0.0000	0.0000	0.1000	0.0000	0.0014	0.0014	0.0000	1.5000	0.0000	0.0000	0.0000	0.0000	0.0000	true	NONE	1459	1.0000	0.4706	1.8000	1553001	1553001
chr12	3115001	3116000	DIPLOID	1	0.5000	0.9857	0.1145	0.9956	0.9952	0.9952	0.9857	0.1359	0.1252	1.9715	0.0000	0.0000	1.9715	true	NONE	1	0.5000	0.4380	1.0114	1	3115001
chr12	3116001	10382000	HOM_DELETION	0	0.0000	0.0000	0.1000	0.0000	0.0002	0.0002	0.0000	1.5000	0.0000	0.0000	0.0000	0.0000	0.0000	true	NONE	6212	1.0000	0.4370	1.8000	3116001	3116001
chr12	10382001	31084000	HOM_DELETION	20	0.5249	0.0000	0.1000	0.0000	0.0022	0.0022	0.0000	1.5000	0.8398	0.0000	0.0000	0.0000	0.0000	true	NONE	19324	1.0000	0.3822	1.8000	10382001	10382001
chr12	31084001	34719000	UNKNOWN	0	0.0000	0.0000	0.1000	0.0000	0.0000	0.0000	0.0000	1.5000	0.0000	0.0000	0.0000	0.0000	0.0000	true	NONE	3051	1.0000	0.4070	1.8000	31084001	31084001
chr12	34719001	35977329	CENTROMETIC	0	0.0000	0.0000	0.1000	0.0000	0.0000	0.0000	0.0000	1.5000	0.0000	0.0000	0.0000	0.0000	0.0000	true	NONE	0	1.0000	0.0000	1.8000	34719001	35977329
chr12	35977330	41582000	UNKNOWN	0	0.0000	0.0000	0.1000	0.0000	0.0000	0.0000	0.0000	1.5000	0.0000	0.0000	0.0000	0.0000	0.0000	true	CENTROMERE	3674	1.0000	0.3668	1.8000	35977330	35977330
chr12	41582001	41583000	DIPLOID	1	0.5172	0.9479	0.4011	0.9837	0.9917	0.9917	1.0000	0.1000	0.2592	1.9479	0.0000	0.0000	1.9479	true	NONE	1	0.5134	0.3760	1.0208	35977330	41582001
chr12	41583001	41655000	HOM_DELETION	0	0.0000	0.0000	0.1000	0.0000	0.0303	0.0303	0.0000	1.5000	0.0000	0.0000	0.0000	0.0000	0.0000	true	NONE	66	1.0000	0.3688	1.8000	41583001	41583001
chr12	41655001	41656000	DIPLOID	1	0.5517	1.0000	0.1000	1.0122	1.0204	1.0204	1.0044	0.1000	0.1103	2.0044	0.0000	0.0000	2.0044	true	NONE	1	0.5011	0.3780	1.0017	41583001	41655001
chr12	41656001	41663000	HET_DELETION	0	0.0000	0.0000	0.1000	0.0000	0.2887	0.2887	0.0000	1.5000	0.0000	0.0000	0.0000	0.0000	0.0000	true	NONE	7	1.0000	0.3804	1.8000	41656001	41656001
chr12	41663001	132294000	HOM_DELETION	25	0.5185	0.0000	0.1000	0.0000	0.0007	0.0007	0.0000	1.5000	0.8296	0.0000	0.0000	0.0000	0.0000	true	NONE	84888	1.0000	0.4100	1.8000	41663001	41663001
chr12	132294001	133241000	HOM_DELETION	0	0.0000	0.0000	0.1000	0.0000	0.0014	0.0014	0.0000	1.5000	0.0000	0.0000	0.0000	0.0000	0.0000	true	NONE	694	1.0000	0.5116	1.8000	132294001	132294001
chr12	133241001	133275309	UNKNOWN	0	0.0000	0.0000	0.1000	0.0000	0.0000	0.0000	0.0000	1.5000	0.0000	0.0000	0.0000	0.0000	0.0000	true	NONE	0	1.0000	0.0000	1.8000	133241001	133241001
chr13	1	17025623	UNKNOWN	0	0.0000	0.0000	0.1000	0.0000	0.0000	0.0000	0.0000	1.5000	0.0000	0.0000	0.0000	0.0000	0.0000	true	TELOMERE	0	1.0000	0.0000	1.8000	1	1
chr13	17025624	18876000	CENTROMETIC	0	0.0000	0.0000	0.1000	0.0000	0.0000	0.0000	0.0000	1.5000	0.0000	0.0000	0.0000	0.0000	0.0000	true	CENTROMERE	0	1.0000	0.6688	1.8000	17025624	17025624
chr13	18876001	22841000	UNKNOWN	0	0.0000	0.0000	0.1000	0.0000	0.0000	0.0000	0.0000	1.5000	0.0000	0.0000	0.0000	0.0000	0.0000	true	NONE	3413	1.0000	0.4163	1.8000	18876001	18876001
chr13	22841001	22842000	DIPLOID	1	0.5185	0.9537	0.3602	0.9866	1.0203	1.0203	1.0000	0.1000	0.2386	1.9537	0.0000	0.0000	1.9537	true	NONE	1	0.5119	0.3840	1.0185	17025624	22841001
chr13	22842001	22867000	HET_DELETION	0	0.0000	0.0000	0.1000	0.0000	0.1019	0.1019	0.0000	1.5000	0.0000	0.0000	0.0000	0.0000	0.0000	true	NONE	20	1.0000	0.3894	1.8000	22842001	22842001
chr13	22867001	22868000	DIPLOID	1	0.5172	1.0000	0.1000	1.0165	0.9873	0.9873	1.0129	0.1035	0.1052	2.0129	0.0000	0.0000	2.0129	true	NONE	1	0.5032	0.3580	1.0051	22842001	22867001
chr13	22868001	22873000	HET_DELETION	0	0.0000	0.0000	0.1000	0.0000	0.2060	0.2060	0.0000	1.5000	0.0000	0.0000	0.0000	0.0000	0.0000	true	NONE	5	1.0000	0.4066	1.8000	22868001	22868001
chr13	22873001	113777000	HOM_DELETION	48	0.5178	0.0000	0.1000	0.0000	0.0013	0.0013	0.0000	1.5000	0.8286	0.0000	0.0000	0.0000	0.0000	true	NONE	85282	1.0000	0.3815	1.8000	22873001	22873001
chr13	113777001	114342000	HOM_DELETION	0	0.0000	0.0000	0.1000	0.0000	0.0025	0.0025	0.0000	1.5000	0.0000	0.0000	0.0000	0.0000	0.0000	true	NONE	409	1.0000	0.5079	1.8000	113777001	113777001
chr13	114342001	114364328	UNKNOWN	0	0.0000	0.0000	0.1000	0.0000	0.0000	0.0000	0.0000	1.5000	0.0000	0.0000	0.0000	0.0000	0.0000	true	NONE	0	1.0000	0.0000	1.8000	114342001	114342001
chr14	1	16097000	UNKNOWN	0	0.0000	0.0000	0.1000	0.0000	0.0000	0.0000	0.0000	1.5000	0.0000	0.0000	0.0000	0.0000	0.0000	true	TELOMERE	0	1.0000	0.2110	1.8000	1	1
chr14	16097001	16105000	CENTROMETIC	0	0.0000	0.0000	0.1000	0.0000	0.0000	0.0000	0.0000	1.5000	0.0000	0.0000	0.0000	0.0000	0.0000	true	NONE	8	1.0000	0.4319	1.8000	16097001	16097001
chr14	16105001	17086761	CENTROMETIC	0	0.0000	0.0000	0.1000	0.0000	0.0000	0.0000	0.0000	1.5000	0.0000	0.0000	0.0000	0.0000	0.0000	true	NONE	0	1.0000	0.0000	1.8000	16105001	17086761
chr14	17086762	24632000	UNKNOWN	0	0.0000	0.0000	0.1000	0.0000	0.0000	0.0000	0.0000	1.5000	0.0000	0.0000	0.0000	0.0000	0.0000	true	CENTROMERE	4244	1.0000	0.4331	1.8000	17086762	17086762
chr14	24632001	24638000	HET_DELETION	1	0.5333	0.0000	0.1000	0.0000	0.4077	0.4077	0.0000	1.5000	0.8533	0.0000	0.0000	0.0000	0.0000	true	NONE	5	1.0000	0.3908	1.8000	24632001	24632001
chr14	24638001	24639000	DIPLOID	1	0.5172	0.9626	0.2945	0.9911	1.0099	1.0099	1.0000	0.1000	0.2041	1.9626	0.0000	0.0000	1.9626	true	NONE	1	0.5095	0.4140	1.0150	17086762	24638001
chr14	24639001	24754000	HOM_DELETION	0	0.0000	0.0000	0.1000	0.0000	0.0092	0.0092	0.0000	1.5000	0.0000	0.0000	0.0000	0.0000	0.0000	true	NONE	111	1.0000	0.3980	1.8000	24639001	24639001
chr14	24754001	100146000	HOM_DELETION	47	0.5172	0.0000	0.1000	0.0000	0.0015	0.0015	0.0000	1.5000	0.8275	0.0000	0.0000	0.0000	0.0000	true	NONE	71162	1.0000	0.3994	1.8000	24754001	24754001
chr14	100146001	106880000	UNKNOWN	0	0.0000	0.0000	0.1000	0.0000	0.0000	0.0000	0.0000	1.5000	0.0000	0.0000	0.0000	0.0000	0.0000	true	NONE	4979	1.0000	0.4944	1.8000	100146001	100146001
chr14	106880001	107043718	UNKNOWN	0	0.0000	0.0000	0.1000	0.0000	0.0000	0.0000	0.0000	1.5000	0.0000	0.0000	0.0000	0.0000	0.0000	true	NONE	0	1.0000	0.0000	1.8000	106880001	106880001
chr15	1	17026000	UNKNOWN	0	0.0000	0.0000	0.1000	0.0000	0.0000	0.0000	0.0000	1.5000	0.0000	0.0000	0.0000	0.0000	0.0000	true	TELOMERE	0	1.0000	0.0000	1.8000	1	1
chr15	17026001	17083000	CENTROMETIC	0	0.0000	0.0000	0.1000	0.0000	0.0000	0.0000	0.0000	1.5000	0.0000	0.0000	0.0000	0.0000	0.0000	true	NONE	4	1.0000	0.4242	1.8000	17026001	17026001
chr15	17083001	18362626	CENTROMETIC	0	0.0000	0.0000	0.1000	0.0000	0.0000	0.0000	0.0000	1.5000	0.0000	0.0000	0.0000	0.0000	0.0000	true	NONE	0	1.0000	0.0000	1.8000	17083001	18362626
chr15	18362627	31131000	HOM_DELETION	0	0.0000	0.0000	0.1000	0.0000	0.0008	0.0008	0.0000	1.5000	0.0000	0.0000	0.0000	0.0000	0.0000	true	CENTROMERE	6034	1.0000	0.4235	1.8000	18362627	18362627
chr15	31131001	31132000	DIPLOID	1	0.5000	1.0227	0.1811	1.0329	1.0135	1.0135	1.0227	0.1811	0.1811	2.0453	0.0000	0.0000	2.0453	true	NONE	1	0.5000	0.4830	1.0181	18362627	31131001
chr15	31132001	31154000	HOM_DELETION	0	0.0000	0.0000	0.1000	0.0000	0.0925	0.0925	0.0000	1.5000	0.0000	0.0000	0.0000	0.0000	0.0000	true	NONE	22	1.0000	0.4438	1.8000	31132001	31132001
chr15	31154001	31155000	DIPLOID	1	0.5172	0.9790	0.1679	0.9994	1.0167	1.0167	1.0000	0.1000	0.1385	1.9790	0.0000	0.0000	1.9790	true	NONE	1	0.5053	0.4320	1.0084	31132001	31154001
chr15	31155001	31239000	UNKNOWN	0	0.0000	0.0000	0.1000	0.0000	0.0000	0.0000	0.0000	1.5000	0.0000	0.0000	0.0000	0.0000	0.0000	true	NONE	79	1.0000	0.4702	1.8000	31155001	31155001
chr15	31239001	76831000	HOM_DELETION	48	0.5185	0.0000	0.1000	0.0000	0.0024	0.0024	0.0000	1.5000	0.8296	0.0000	0.0000	0.0000	0.0000	true	NONE	41959	1.0000	0.4168	1.8000	31239001	31239001
chr15	76831001	101860000	HOM_DELETION	0	0.0000	0.0000	0.1000	0.0000	0.0001	0.0001	0.0000	1.5000	0.0000	0.0000	0.0000	0.0000	0.0000	true	NONE	22589	1.0000	0.4274	1.8000	76831001	76831001
chr15	101860001	101991189	UNKNOWN	0	0.0000	0.0000	0.1000	0.0000	0.0000	0.0000	0.0000	1.5000	0.0000	0.0000	0.0000	0.0000	0.0000	true	NONE	0	1.0000	0.0000	1.8000	101860001	101860001
chr16	1	34000	UNKNOWN	0	0.0000	0.0000	0.1000	0.0000	0.0000	0.0000	0.0000	1.5000	0.0000	0.0000	0.0000	0.0000	0.0000	true	TELOMERE	0	1.0000	0.0000	1.8000	1	1
chr16	34001	1753000	HOM_DELETION	0	0.0000	0.0000	0.1000	0.0000	0.0011	0.0011	0.0000	1.5000	0.0000	0.0000	0.0000	0.0000	0.0000	true	NONE	933	1.0000	0.5781	1.8000	34001	34001
chr16	1753001	1754000	DIPLOID	1	0.5000	1.0048	0.1000	1.0148	0.9878	0.9878	1.0048	0.1000	0.1000	2.0095	0.0000	0.0000	2.0095	true	NONE	1	0.5000	0.5010	1.0038	1	1753001
chr16	1754001	1780000	UNKNOWN	0	0.0000	0.0000	0.1000	0.0000	0.0000	0.0000	0.0000	1.5000	0.0000	0.0000	0.0000	0.0000	0.0000	true	NONE	4	1.0000	0.6355	1.8000	1754001	1754001
chr16	1780001	1781000	DIPLOID	1	0.5185	1.0000	0.1000	1.0191	1.0230	1.0230	1.0180	0.1444	0.1267	2.0180	0.0000	0.0000	2.0180	true	NONE	1	0.5045	0.5670	1.0072	1754001	1780001
chr16	1781001	1793000	UNKNOWN	0	0.0000	0.0000	0.1000	0.0000	0.0000	0.0000	0.0000	1.5000	0.0000	0.0000	0.0000	0.0000	0.0000	true	NONE	2	1.0000	0.6412	1.8000	1781001	1781001
chr16	1793001	20311000	HOM_DELETION	32	0.5161	0.0000	0.1000	0.0000	0.0048	0.0048	0.0000	1.5000	0.8258	0.0000	0.0000	0.0000	0.0000	true	NONE	15121	1.0000	0.4562	1.8000	1793001	1793001
chr16	20311001	36260000	HOM_DELETION	0	0.0000	0.0000	0.1000	0.0000	0.0005	0.0005	0.0000	1.5000	0.0000	0.0000	0.0000	0.0000	0.0000	true	NONE	10344	1.0000	0.4481	1.8000	20311001	20311001
chr16	36260001	37295919	CENTROMETIC	0	0.0000	0.0000	0.1000	0.0000	0.0000	0.0000	0.0000	1.5000	0.0000	0.0000	0.0000	0.0000	0.0000	true	NONE	0	1.0000	0.0000	1.8000	36260001	37295919
chr16	37295920	56024000	UNKNOWN	0	0.0000	0.0000	0.1000	0.0000	0.0000	0.0000	0.0000	1.5000	0.0000	0.0000	0.0000	0.0000	0.0000	true	CENTROMERE	9025	1.0000	0.4275	1.8000	37295920	37295920
chr16	56024001	56025000	DIPLOID	1	0.5161	1.0000	0.1000	1.0146	0.9977	0.9977	1.0091	0.1000	0.1032	2.0091	0.0000	0.0000	2.0091	true	NONE	1	0.5023	0.4780	1.0036	37295920	56024001
chr16	56025001	56044000	HET_DELETION	0	0.0000	0.0000	0.1000	0.0000	0.1051	0.1051	0.0000	1.5000	0.0000	0.0000	0.0000	0.0000	0.0000	true	NONE	19	1.0000	0.3916	1.8000	56025001	56025001
chr16	56044001	56045000	DIPLOID	1	0.5517	0.9677	0.2556	0.9937	0.9933	0.9933	1.0000	0.1000	0.1962	1.9677	0.0000	0.0000	1.9677	true	NONE	1	0.5082	0.4360	1.0129	56025001	56044001
chr16	56045001	56095000	HOM_DELETION	0	0.0000	0.0000	0.1000	0.0000	0.0204	0.0204	0.0000	1.5000	0.0000	0.0000	0.0000	0.0000	0.0000	true	NONE	50	1.0000	0.4357	1.8000	56045001	56045001
chr16	56095001	88199000	HOM_DELETION	12	0.5178	0.0000	0.1000	0.0000	0.0009	0.0009	0.0000	1.5000	0.8286	0.0000	0.0000	0.0000	0.0000	true	NONE	29430	1.0000	0.4344	1.8000	56095001	56095001
chr16	88199001	90085000	UNKNOWN	0	0.0000	0.0000	0.1000	0.0000	0.0000	0.0000	0.0000	1.5000	0.0000	0.0000	0.0000	0.0000	0.0000	true	NONE	1169	1.0000	0.5595	1.8000	88199001	88199001
chr16	90085001	90338345	UNKNOWN	0	0.0000	0.0000	0.1000	0.0000	0.0000	0.0000	0.0000	1.5000	0.0000	0.0000	0.0000	0.0000	0.0000	true	NONE	0	1.0000	0.0000	1.8000	90085001	90085001
chr17	1	142000	UNKNOWN	0	0.0000	0.0000	0.1000	0.0000	0.0000	0.0000	0.0000	1.5000	0.0000	0.0000	0.0000	0.0000	0.0000	true	TELOMERE	0	1.0000	0.0000	1.8000	1	1
chr17	142001	17556000	HOM_DELETION	0	0.0000	0.0000	0.1000	0.0000	0.0005	0.0005	0.0000	1.5000	0.0000	0.0000	0.0000	0.0000	0.0000	true	NONE	15393	1.0000	0.4601	1.8000	142001	142001
chr17	17556001	17557000	DIPLOID	1	0.5517	0.9945	0.1000	1.0072	1.0105	1.0105	1.0000	0.1000	0.1103	1.9945	0.0000	0.0000	1.9945	true	NONE	1	0.5014	0.5630	1.0022	1	17556001
chr17	17557001	17570000	UNKNOWN	0	0.0000	0.0000	0.1000	0.0000	0.0000	0.0000	0.0000	1.5000	0.0000	0.0000	0.0000	0.0000	0.0000	true	NONE	11	1.0000	0.5815	1.8000	17557001	17557001
chr17	17570001	17571000	DIPLOID	1	0.5667	0.9968	0.1000	1.0084	1.0044	1.0044	1.0000	0.1000	0.1133	1.9968	0.0000	0.0000	1.9968	true	NONE	1	0.5008	0.5890	1.0013	17557001	17570001
chr17	17571001	17576000	HET_DELETION	0	0.0000	0.0000	0.1000	0.0000	0.4027	0.4027	0.0000	1.5000	0.0000	0.0000	0.0000	0.0000	0.0000	true	NONE	5	1.0000	0.5324	1.8000	17571001	17571001
chr17	17576001	18073000	HOM_DELETION	12	0.5178	0.0000	0.1000	0.0000	0.0486	0.0486	0.0000	1.5000	0.8286	0.0000	0.0000	0.0000	0.0000	true	NONE	445	1.0000	0.5143	1.8000	17576001	17576001
chr17	18073001	22744000	HOM_DELETION	0	0.0000	0.0000	0.1000	0.0000	0.0004	0.0004	0.0000	1.5000	0.0000	0.0000	0.0000	0.0000	0.0000	true	NONE	2450	1.0000	0.4598	1.8000	18073001	18073001
chr17	22744001	24849829	UNKNOWN	0	0.0000	0.0000	0.1000	0.0000	0.0000	0.0000	0.0000	1.5000	0.0000	0.0000	0.0000	0.0000	0.0000	true	NONE	0	1.0000	0.0000	1.8000	22744001	24849829
chr17	24849830	43369000	HOM_DELETION	0	0.0000	0.0000	0.1000	0.0000	0.0002	0.0002	0.0000	1.5000	0.0000	0.0000	0.0000	0.0000	0.0000	true	CENTROMERE	14191	1.0000	0.4544	1.8000	24849830	24849830
chr17	43369001	43370000	DIPLOID	1	0.5357	0.9715	0.2266	0.9956	1.0132	1.0132	1.0000	0.1000	0.1750	1.9715	0.0000	0.0000	1.9715	true	NONE	1	0.5072	0.5630	1.0114	24849830	43369001
chr17	43370001	43412000	UNKNOWN	0	0.0000	0.0000	0.1000	0.0000	0.0000	0.0000	0.0000	1.5000	0.0000	0.0000	0.0000	0.0000	0.0000	true	NONE	41	1.0000	0.4908	1.8000	43370001	43370001
chr17	43412001	43413000	DIPLOID	1	0.5312	1.0000	0.1000	1.0192	1.0141	1.0141	1.0182	0.1460	0.1307	2.0182	0.0000	0.0000	2.0182	true	NONE	1	0.5045	0.5030	1.0073	43370001	43412001
chr17	43413001	43433000	HET_DELETION	0	0.0000	0.0000	0.1000	0.0000	0.1012	0.1012	0.0000	1.5000	0.0000	0.0000	0.0000	0.0000	0.0000	true	NONE	20	1.0000	0.4644	1.8000	43413001	43413001
chr17	43433001	81352000	HOM_DELETION	33	0.5172	0.0000	0.1000	0.0000	0.0022	0.0022	0.0000	1.5000	0.8275	0.0000	0.0000	0.0000	0.0000	true	NONE	33976	1.0000	0.4490	1.8000	43433001	43433001
chr17	81352001	83204000	UNKNOWN	0	0.0000	0.0000	0.1000	0.0000	0.0000	0.0000	0.0000	1.5000	0.0000	0.0000	0.0000	0.0000	0.0000	true	NONE	1244	1.0000	0.5515	1.8000	81352001	81352001
chr17	83204001	83257441	UNKNOWN	0	0.0000	0.0000	0.1000	0.0000	0.0000	0.0000	0.0000	1.5000	0.0000	0.0000	0.0000	0.0000	0.0000	true	NONE	0	1.0000	0.0000	1.8000	83204001	83204001
chr18	1	63000	UNKNOWN	0	0.0000	0.0000	0.1000	0.0000	0.0000	0.0000	0.0000	1.5000	0.0000	0.0000	0.0000	0.0000	0.0000	true	TELOMERE	0	1.0000	0.0000	1.8000	1	1
chr18	63001	5272000	HOM_DELETION	0	0.0000	0.0000	0.1000	0.0000	0.0002	0.0002	0.0000	1.5000	0.0000	0.0000	0.0000	0.0000	0.0000	true	NONE	4903	1.0000	0.3924	1.8000	63001	63001
chr18	5272001	5273000	AMPLIFICATION	1	0.5185	1.2763	0.9947	1.3386	1.3972	1.3972	1.3744	0.9998	1.0342	2.6507	0.0000	0.0000	2.6507	true	NONE	1	0.5185	0.3890	1.2603	5272001	5272001
chr18	5273001	5332000	HOM_DELETION	0	0.0000	0.0000	0.1000	0.0000	0.0364	0.0364	0.0000	1.5000	0.0000	0.0000	0.0000	0.0000	0.0000	true	NONE	55	1.0000	0.3981	1.8000	5273001	5273001
chr18	5332001	7510000	HOM_DELETION	1	0.5185	0.0000	0.1000	0.0000	0.0005	0.0005	0.0000	1.5000	0.8296	0.0000	0.0000	0.0000	0.0000	true	NONE	2091	1.0000	0.4079	1.8000	5332001	5332001
chr18	7510001	14415000	HOM_DELETION	5	0.5172	0.0000	0.1000	0.0000	0.0008	0.0008	0.0000	1.5000	0.8275	0.0000	0.0000	0.0000	0.0000	true	NONE	6073	1.0000	0.4244	1.8000	7510001	7510001
chr18	14415001	15194000	UNKNOWN	0	0.0000	0.0000	0.1000	0.0000	0.0000	0.0000	0.0000	1.5000	0.0000	0.0000	0.0000	0.0000	0.0000	true	NONE	74	1.0000	0.4176	1.8000	14415001	14415001
chr18	15194001	18161052	UNKNOWN	0	0.0000	0.0000	0.1000	0.0000	0.0000	0.0000	0.0000	1.5000	0.0000	0.0000	0.0000	0.0000	0.0000	true	NONE	0	1.0000	0.0000	1.8000	15194001	18161052
chr18	18161053	26074000	HOM_DELETION	0	0.0000	0.0000	0.1000	0.0000	0.0004	0.0004	0.0000	1.5000	0.0000	0.0000	0.0000	0.0000	0.0000	true	CENTROMERE	4937	1.0000	0.4104	1.8000	18161053	18161053
chr18	26074001	26075000	DIPLOID	1	0.5000	1.0169	0.1358	1.0271	1.0398	1.0398	1.0169	0.1358	0.1358	2.0339	0.0000	0.0000	2.0339	true	NONE	1	0.5000	0.2910	1.0135	18161053	26074001
chr18	26075001	26100000	HOM_DELETION	0	0.0000	0.0000	0.1000	0.0000	0.0432	0.0432	0.0000	1.5000	0.0000	0.0000	0.0000	0.0000	0.0000	true	NONE	24	1.0000	0.3719	1.8000	26075001	26075001
chr18	26100001	26101000	DIPLOID	1	0.5484	0.9935	0.1000	1.0067	1.0053	1.0053	1.0000	0.1000	0.1097	1.9935	0.0000	0.0000	1.9935	true	NONE	1	0.5016	0.2980	1.0026	26075001	26100001
chr18	26101001	50096000	HOM_DELETION	0	0.0000	0.0000	0.1000	0.0000	0.0000	0.0000	0.0000	1.5000	0.0000	0.0000	0.0000	0.0000	0.0000	true	NONE	22791	1.0000	0.3904	1.8000	26101001	26101001
chr18	50096001	71493000	HOM_DELETION	40	0.5178	0.0000	0.1000	0.0000	0.0040	0.0040	0.0000	1.5000	0.8286	0.0000	0.0000	0.0000	0.0000	true	NONE	20394	1.0000	0.3837	1.8000	50096001	50096001
chr18	71493001	80260000	HOM_DELETION	0	0.0000	0.0000	0.1000	0.0000	0.0004	0.0004	0.0000	1.5000	0.0000	0.0000	0.0000	0.0000	0.0000	true	NONE	8161	1.0000	0.4185	1.8000	71493001	71493001
chr18	80260001	80373285	UNKNOWN	0	0.0000	0.0000	0.1000	0.0000	0.0000	0.0000	0.0000	1.5000	0.0000	0.0000	0.0000	0.0000	0.0000	true	NONE	0	1.0000	0.0000	1.8000	80260001	80260001
chr19	1	260000	UNKNOWN	0	0.0000	0.0000	0.1000	0.0000	0.0000	0.0000	0.0000	1.5000	0.0000	0.0000	0.0000	0.0000	0.0000	true	TELOMERE	0	1.0000	0.0000	1.8000	1	1
chr19	260001	1248000	HOM_DELETION	0	0.0000	0.0000	0.1000	0.0000	0.0020	0.0020	0.0000	1.5000	0.0000	0.0000	0.0000	0.0000	0.0000	true	NONE	516	1.0000	0.5903	1.8000	260001	260001
chr19	1248001	1294000	UNKNOWN	1	0.5172	0.0000	0.1000	0.0000	0.0000	0.0000	0.0000	1.5000	0.8275	0.0000	0.0000	0.0000	0.0000	true	NONE	10	1.0000	0.6463	1.8000	1248001	1248001
chr19	1294001	1309000	UNKNOWN	1	0.5667	0.0000	0.1000	0.0000	0.0000	0.0000	0.0000	1.5000	0.9067	0.0000	0.0000	0.0000	0.0000	true	NONE	7	1.0000	0.5894	1.8000	1294001	1294001
chr19	1309001	15479000	HOM_DELETION	29	0.5172	0.0000	0.1000	0.0000	0.0045	0.0045	0.0000	1.5000	0.8275	0.0000	0.0000	0.0000	0.0000	true	NONE	11914	1.0000	0.5131	1.8000	1309001	1309001
chr19	15479001	24908000	HOM_DELETION	0	0.0000	0.0000	0.1000	0.0000	0.0004	0.0004	0.0000	1.5000	0.0000	0.0000	0.0000	0.0000	0.0000	true	NONE	7668	1.0000	0.4634	1.8000	15479001	15479001
chr19	24908001	25844926	CENTROMETIC	0	0.0000	0.0000	0.1000	0.0000	0.0000	0.0000	0.0000	1.5000	0.0000	0.0000	0.0000	0.0000	0.0000	true	NONE	0	1.0000	0.0000	1.8000	24908001	25844926
chr19	25844927	29815664	HOM_DELETION	0	0.0000	0.0000	0.1000	0.0000	0.0002	0.0002	0.0000	1.5000	0.0000	0.0000	0.0000	0.0000	0.0000	true	CENTROMERE	2338	1.0000	0.4378	1.8000	25844927	25844927
chr19	29815665	32837000	HOM_DELETION	0	0.0000	0.0000	0.1000	0.0000	0.0013	0.0013	0.0000	1.5000	0.0000	0.0000	0.0000	0.0000	0.0000	false	MULTIPLE	2920	1.0000	0.4433	1.8000	29815665	29815665
chr19	32837001	32838000	DIPLOID	1	0.5517	1.0000	0.1000	1.0327	1.0354	1.0354	1.0450	0.3502	0.2484	2.0450	0.0000	0.0000	2.0450	true	NONE	1	0.5110	0.4090	1.0180	29815665	32837001
chr19	32838001	32850000	HET_DELETION	0	0.0000	0.0000	0.1000	0.0000	0.1264	0.1264	0.0000	1.5000	0.0000	0.0000	0.0000	0.0000	0.0000	true	NONE	8	1.0000	0.4430	1.8000	32838001	32838001
chr19	32850001	32855000	UNKNOWN	1	0.5238	0.0000	0.1000	0.0000	0.0000	0.0000	0.0000	1.5000	0.8381	0.0000	0.0000	0.0000	0.0000	true	NONE	3	1.0000	0.4383	1.8000	32850001	32850001
chr19	32855001	58549000	HOM_DELETION	15	0.5333	0.0000	0.1000	0.0000	0.0021	0.0021	0.0000	1.5000	0.8533	0.0000	0.0000	0.0000	0.0000	true	NONE	21564	1.0000	0.4828	1.8000	32855001	32855001
chr19	58549001	58586000	UNKNOWN	0	0.0000	0.0000	0.1000	0.0000	0.0000	0.0000	0.0000	1.5000	0.0000	0.0000	0.0000	0.0000	0.0000	true	NONE	30	1.0000	0.5492	1.8000	58549001	58549001
chr19	58586001	58617616	UNKNOWN	0	0.0000	0.0000	0.1000	0.0000	0.0000	0.0000	0.0000	1.5000	0.0000	0.0000	0.0000	0.0000	0.0000	true	NONE	0	1.0000	0.0000	1.8000	58586001	58586001
chr20	1	60000	UNKNOWN	0	0.0000	0.0000	0.1000	0.0000	0.0000	0.0000	0.0000	1.5000	0.0000	0.0000	0.0000	0.0000	0.0000	true	TELOMERE	0	1.0000	0.0000	1.8000	1	1
chr20	60001	2496000	HOM_DELETION	0	0.0000	0.0000	0.1000	0.0000	0.0013	0.0013	0.0000	1.5000	0.0000	0.0000	0.0000	0.0000	0.0000	true	NONE	2298	1.0000	0.4537	1.8000	60001	60001
chr20	2496001	2497000	DIPLOID	1	0.5333	0.9513	0.3773	0.9854	1.0313	1.0313	1.0000	0.1000	0.2545	1.9513	0.0000	0.0000	1.9513	true	NONE	1	0.5125	0.4520	1.0195	1	2496001
chr20	2497001	7302000	HOM_DELETION	0	0.0000	0.0000	0.1000	0.0000	0.0002	0.0002	0.0000	1.5000	0.0000	0.0000	0.0000	0.0000	0.0000	true	NONE	4502	1.0000	0.4334	1.8000	2497001	2497001
chr20	7302001	7303000	DIPLOID	1	0.5333	0.9935	0.1000	1.0067	1.0136	1.0136	1.0000	0.1000	0.1067	1.9935	0.0000	0.0000	1.9935	true	NONE	1	0.5016	0.3970	1.0026	2497001	7302001
chr20	7303001	10194000	HOM_DELETION	0	0.0000	0.0000	0.1000	0.0000	0.0007	0.0007	0.0000	1.5000	0.0000	0.0000	0.0000	0.0000	0.0000	true	NONE	2778	1.0000	0.3825	1.8000	7303001	7303001
chr20	10194001	26251000	HOM_DELETION	33	0.5185	0.0000	0.1000	0.0000	0.0050	0.0050	0.0000	1.5000	0.8296	0.0000	0.0000	0.0000	0.0000	true	NONE	14624	1.0000	0.4146	1.8000	10194001	10194001
chr20	26251001	26381000	CENTROMETIC	0	0.0000	0.0000	0.1000	0.0000	0.0000	0.0000	0.0000	1.5000	0.0000	0.0000	0.0000	0.0000	0.0000	true	NONE	83	1.0000	0.3693	1.8000	26251001	26251001
chr20	26381001	28237289	CENTROMETIC	0	0.0000	0.0000	0.1000	0.0000	0.0000	0.0000	0.0000	1.5000	0.0000	0.0000	0.0000	0.0000	0.0000	true	NONE	0	1.0000	0.0000	1.8000	26381001	28237289
chr20	28237290	30258000	UNKNOWN	0	0.0000	0.0000	0.1000	0.0000	0.0000	0.0000	0.0000	1.5000	0.0000	0.0000	0.0000	0.0000	0.0000	true	CENTROMERE	176	1.0000	0.3976	1.8000	28237290	28237290
chr20	30258001	44161000	HOM_DELETION	1	0.5714	0.0000	0.1000	0.0000	0.0004	0.0004	0.0000	1.5000	0.9142	0.0000	0.0000	0.0000	0.0000	true	NONE	12421	1.0000	0.4523	1.8000	30258001	30258001
chr20	44161001	44162000	DIPLOID	1	0.5357	0.9695	0.2419	0.9946	1.0344	1.0344	1.0000	0.1000	0.1832	1.9695	0.0000	0.0000	1.9695	true	NONE	1	0.5077	0.4950	1.0122	28237290	44161001
chr20	44162001	44175000	UNKNOWN	0	0.0000	0.0000	0.1000	0.0000	0.0000	0.0000	0.0000	1.5000	0.0000	0.0000	0.0000	0.0000	0.0000	true	NONE	13	1.0000	0.4552	1.8000	44162001	44162001
chr20	44175001	61347000	HOM_DELETION	8	0.5167	0.0000	0.1000	0.0000	0.0012	0.0012	0.0000	1.5000	0.8266	0.0000	0.0000	0.0000	0.0000	true	NONE	16384	1.0000	0.4492	1.8000	44175001	44175001
chr20	61347001	64284000	HOM_DELETION	0	0.0000	0.0000	0.1000	0.0000	0.0005	0.0005	0.0000	1.5000	0.0000	0.0000	0.0000	0.0000	0.0000	true	NONE	1988	1.0000	0.5558	1.8000	61347001	61347001
chr20	64284001	64444167	UNKNOWN	0	0.0000	0.0000	0.1000	0.0000	0.0000	0.0000	0.0000	1.5000	0.0000	0.0000	0.0000	0.0000	0.0000	true	NONE	0	1.0000	0.6570	1.8000	64284001	64284001
chr21	1	7258000	UNKNOWN	0	0.0000	0.0000	0.1000	0.0000	0.0000	0.0000	0.0000	1.5000	0.0000	0.0000	0.0000	0.0000	0.0000	true	TELOMERE	0	1.0000	0.0000	1.8000	1	1
chr21	7258001	10756000	UNKNOWN	0	0.0000	0.0000	0.1000	0.0000	0.0000	0.0000	0.0000	1.5000	0.0000	0.0000	0.0000	0.0000	0.0000	true	NONE	128	1.0000	0.4094	1.8000	7258001	7258001
chr21	10756001	11890183	CENTROMETIC	0	0.0000	0.0000	0.1000	0.0000	0.0000	0.0000	0.0000	1.5000	0.0000	0.0000	0.0000	0.0000	0.0000	true	NONE	0	1.0000	0.0000	1.8000	10756001	11890183
chr21	11890184	16001000	HOM_DELETION	0	0.0000	0.0000	0.1000	0.0000	0.0005	0.0005	0.0000	1.5000	0.0000	0.0000	0.0000	0.0000	0.0000	true	CENTROMERE	1857	1.0000	0.3715	1.8000	11890184	11890184
chr21	16001001	16002000	DIPLOID	1	0.5806	1.0000	0.1000	1.0199	1.0023	1.0023	1.0196	0.1570	0.1492	2.0196	0.0000	0.0000	2.0196	true	NONE	1	0.5049	0.3460	1.0078	11890184	16001001
chr21	16002001	16227000	HOM_DELETION	0	0.0000	0.0000	0.1000	0.0000	0.0047	0.0047	0.0000	1.5000	0.0000	0.0000	0.0000	0.0000	0.0000	true	NONE	214	1.0000	0.3604	1.8000	16002001	16002001
chr21	16227001	16228000	DIPLOID	1	0.5000	0.9841	0.1279	0.9939	0.9980	0.9980	0.9841	0.1518	0.1398	1.9681	0.0000	0.0000	1.9681	true	NONE	1	0.5000	0.3520	1.0128	16002001	16227001
chr21	16228001	16260000	UNKNOWN	0	0.0000	0.0000	0.1000	0.0000	0.0000	0.0000	0.0000	1.5000	0.0000	0.0000	0.0000	0.0000	0.0000	true	NONE	31	1.0000	0.3366	1.8000	16228001	16228001
chr21	16260001	46386000	HOM_DELETION	47	0.5172	0.0000	0.1000	0.0000	0.0036	0.0036	0.0000	1.5000	0.8275	0.0000	0.0000	0.0000	0.0000	true	NONE	27528	1.0000	0.4089	1.8000	16260001	16260001
chr21	46386001	46679000	UNKNOWN	0	0.0000	0.0000	0.1000	0.0000	0.0000	0.0000	0.0000	1.5000	0.0000	0.0000	0.0000	0.0000	0.0000	true	NONE	270	1.0000	0.4612	1.8000	46386001	46386001
chr21	46679001	46709983	UNKNOWN	0	0.0000	0.0000	0.1000	0.0000	0.0000	0.0000	0.0000	1.5000	0.0000	0.0000	0.0000	0.0000	0.0000	true	NONE	0	1.0000	0.0000	1.8000	46679001	46679001
chr22	1	10717000	UNKNOWN	0	0.0000	0.0000	0.1000	0.0000	0.0000	0.0000	0.0000	1.5000	0.0000	0.0000	0.0000	0.0000	0.0000	true	TELOMERE	0	1.0000	0.6480	1.8000	1	1
chr22	10717001	11628000	UNKNOWN	0	0.0000	0.0000	0.1000	0.0000	0.0000	0.0000	0.0000	1.5000	0.0000	0.0000	0.0000	0.0000	0.0000	true	NONE	9	1.0000	0.3578	1.8000	10717001	10717001
chr22	11628001	14004552	UNKNOWN	0	0.0000	0.0000	0.1000	0.0000	0.0000	0.0000	0.0000	1.5000	0.0000	0.0000	0.0000	0.0000	0.0000	true	NONE	0	1.0000	0.6845	1.8000	11628001	14004552
chr22	14004553	27612000	HOM_DELETION	0	0.0000	0.0000	0.1000	0.0000	0.0003	0.0003	0.0000	1.5000	0.0000	0.0000	0.0000	0.0000	0.0000	true	CENTROMERE	7989	1.0000	0.4795	1.8000	14004553	14004553
chr22	27612001	27613000	DIPLOID	1	0.5517	0.9317	0.5098	0.9755	0.9787	0.9787	1.0000	0.1000	0.3364	1.9317	0.0000	0.0000	1.9317	true	NONE	1	0.5177	0.5570	1.0273	14004553	27612001
chr22	27613001	27623000	HET_DELETION	0	0.0000	0.0000	0.1000	0.0000	0.1209	0.1209	0.0000	1.5000	0.0000	0.0000	0.0000	0.0000	0.0000	true	NONE	8	1.0000	0.5370	1.8000	27613001	27613001
chr22	27623001	27624000	DIPLOID	1	0.5161	0.9588	0.3226	0.9892	1.0053	1.0053	1.0000	0.1000	0.2181	1.9588	0.0000	0.0000	1.9588	true	NONE	1	0.5105	0.5180	1.0165	27613001	27623001
chr22	27624001	27640000	UNKNOWN	0	0.0000	0.0000	0.1000	0.0000	0.0000	0.0000	0.0000	1.5000	0.0000	0.0000	0.0000	0.0000	0.0000	true	NONE	16	1.0000	0.5079	1.8000	27624001	27624001
chr22	27640001	50436000	HOM_DELETION	37	0.5172	0.0000	0.1000	0.0000	0.0036	0.0036	0.0000	1.5000	0.8275	0.0000	0.0000	0.0000	0.0000	true	NONE	20522	1.0000	0.4816	1.8000	27640001	27640001
chr22	50436001	50740000	UNKNOWN	0	0.0000	0.0000	0.1000	0.0000	0.0000	0.0000	0.0000	1.5000	0.0000	0.0000	0.0000	0.0000	0.0000	true	NONE	195	1.0000	0.5530	1.8000	50436001	50436001
chr22	50740001	50818468	UNKNOWN	0	0.0000	0.0000	0.1000	0.0000	0.0000	0.0000	0.0000	1.5000	0.0000	0.0000	0.0000	0.0000	0.0000	true	NONE	0	1.0000	0.0000	1.8000	50740001	50740001
chrX	1	251000	UNKNOWN	0	0.0000	0.0000	0.1000	0.0000	0.0000	0.0000	0.0000	1.5000	0.0000	0.0000	0.0000	0.0000	0.0000	true	TELOMERE	0	1.0000	0.0000	1.8000	1	1
chrX	251001	623000	HOM_DELETION	0	0.0000	0.0000	0.1000	0.0000	0.0038	0.0038	0.0000	1.5000	0.0000	0.0000	0.0000	0.0000	0.0000	true	NONE	268	1.0000	0.5072	1.8000	251001	251001
chrX	623001	624000	DIPLOID	1	0.5161	1.0000	0.1000	1.0380	1.0315	1.0315	1.0554	0.4245	0.2707	2.0554	0.0000	0.0000	2.0554	true	NONE	1	0.5135	0.5140	1.0222	1	623001
chrX	624001	627000	UNKNOWN	0	0.0000	0.0000	0.1000	0.0000	0.0000	0.0000	0.0000	1.5000	0.0000	0.0000	0.0000	0.0000	0.0000	true	NONE	2	1.0000	0.5065	1.8000	624001	624001
chrX	627001	628000	AMPLIFICATION	1	0.5294	1.2573	0.9906	1.3492	1.3582	1.3582	1.4144	1.0000	1.0538	2.6717	0.0000	0.0000	2.6717	true	NONE	1	0.5294	0.5330	1.2687	627001	627001
chrX	628001	649000	UNKNOWN	0	0.0000	0.0000	0.1000	0.0000	0.0000	0.0000	0.0000	1.5000	0.0000	0.0000	0.0000	0.0000	0.0000	true	NONE	10	1.0000	0.5441	1.8000	628001	628001
chrX	649001	58244000	HOM_DELETION	26	0.5178	0.0000	0.1000	0.0000	0.0010	0.0010	0.0000	1.5000	0.8286	0.0000	0.0000	0.0000	0.0000	true	NONE	51537	1.0000	0.4002	1.8000	649001	649001
chrX	58244001	58535000	UNKNOWN	0	0.0000	0.0000	0.1000	0.0000	0.0000	0.0000	0.0000	1.5000	0.0000	0.0000	0.0000	0.0000	0.0000	true	NONE	223	1.0000	0.4089	1.8000	58244001	58244001
chrX	58535001	60509060	CENTROMETIC	0	0.0000	0.0000	0.1000	0.0000	0.0000	0.0000	0.0000	1.5000	0.0000	0.0000	0.0000	0.0000	0.0000	true	NONE	0	1.0000	0.0000	1.8000	58535001	60509060
chrX	60509061	67861000	UNKNOWN	0	0.0000	0.0000	0.1000	0.0000	0.0000	0.0000	0.0000	1.5000	0.0000	0.0000	0.0000	0.0000	0.0000	true	CENTROMERE	4381	1.0000	0.3872	1.8000	60509061	60509061
chrX	67861001	67862000	DIPLOID	1	0.5000	0.9931	0.1000	1.0030	1.0070	1.0070	0.9931	0.1000	0.1000	1.9861	0.0000	0.0000	1.9861	true	NONE	1	0.5000	0.3940	1.0055	60509061	67861001
chrX	67862001	98845000	HOM_DELETION	0	0.0000	0.0000	0.1000	0.0000	0.0000	0.0000	0.0000	1.5000	0.0000	0.0000	0.0000	0.0000	0.0000	true	NONE	24417	1.0000	0.3785	1.8000	67862001	67862001
chrX	98845001	98846000	DIPLOID	1	0.5517	1.0000	0.1000	1.0420	1.0525	1.0525	1.0634	0.4778	0.3188	2.0634	0.0000	0.0000	2.0634	true	NONE	1	0.5154	0.3130	1.0253	67862001	98845001
chrX	98846001	101515000	HOM_DELETION	0	0.0000	0.0000	0.1000	0.0000	0.0008	0.0008	0.0000	1.5000	0.0000	0.0000	0.0000	0.0000	0.0000	true	NONE	2502	1.0000	0.3854	1.8000	98846001	98846001
chrX	101515001	151561000	HOM_DELETION	19	0.5172	0.0000	0.1000	0.0000	0.0009	0.0009	0.0000	1.5000	0.8275	0.0000	0.0000	0.0000	0.0000	true	NONE	44235	1.0000	0.3886	1.8000	101515001	101515001
chrX	151561001	156005000	HOM_DELETION	0	0.0000	0.0000	0.1000	0.0000	0.0009	0.0009	0.0000	1.5000	0.0000	0.0000	0.0000	0.0000	0.0000	true	NONE	3203	1.0000	0.4445	1.8000	151561001	151561001
chrX	156005001	156040895	UNKNOWN	0	0.0000	0.0000	0.1000	0.0000	0.0000	0.0000	0.0000	1.5000	0.0000	0.0000	0.0000	0.0000	0.0000	true	NONE	0	1.0000	0.0000	1.8000	156005001	156005001
