chromosome	chromosomeBand	gene	transcript	isCanonical	driver	category	likelihoodMethod	driverLikelihood	missense	nonsense	splice	inframe	frameshift	biallelic	minCopyNumber	maxCopyNumber
chr17	p13.1	TP53	ENST00000269305	true	GERMLINE_MUTATION	TSG	GERMLINE	1.0000	1	0	0	0	0	false	1.9956	1.9956
chr1	p36.13	SDHB	ENST00000375499	true	GERMLINE_DELETION	TSG	GERMLINE	1.0000	0	0	0	0	0	true	0.0000	0.0000
chr1	p34.1	MUTYH	ENST00000456914	true	GERMLINE_DELETION	TSG	GERMLINE	1.0000	0	0	0	0	0	true	0.0000	0.0000
chr1	p34.1	RAD54L	ENST00000371975	true	GERMLINE_DELETION	TSG	GERMLINE	1.0000	0	0	0	0	0	true	0.0000	0.0000
chr1	q43	FH	ENST00000366560	true	GERMLINE_DELETION	TSG	GERMLINE	1.0000	0	0	0	0	0	true	0.0000	0.0000
chr2	p21	EPCAM	ENST00000263735	true	GERMLINE_DELETION	TSG	GERMLINE	1.0000	0	0	0	0	0	true	0.0000	0.0000
chr2	p16.3	MSH2	ENST00000233146	true	GERMLINE_DELETION	TSG	GERMLINE	1.0000	0	0	0	0	0	true	0.0000	0.0000
chr2	p16.3	MSH6	ENST00000234420	true	GERMLINE_DELETION	TSG	GERMLINE	1.0000	0	0	0	0	0	true	0.0000	0.0000
chr2	p16.1	FANCL	ENST00000233741	true	GERMLINE_DELETION	TSG	GERMLINE	1.0000	0	0	0	0	0	true	0.0000	0.0000
chr2	q11.2	TMEM127	ENST00000258439	true	GERMLINE_DELETION	TSG	GERMLINE	1.0000	0	0	0	0	0	true	0.0000	0.0000
chr2	q35	BARD1	ENST00000260947	true	GERMLINE_DELETION	TSG	GERMLINE	1.0000	0	0	0	0	0	true	0.0000	0.0000
chr3	p25.3	VHL	ENST00000256474	true	GERMLINE_DELETION	TSG	GERMLINE	1.0000	0	0	0	0	0	true	0.0000	0.0000
chr3	p22.2	MLH1	ENST00000231790	true	GERMLINE_DELETION	TSG	GERMLINE	1.0000	0	0	0	0	0	true	0.0000	0.0000
chr3	p21.1	BAP1	ENST00000460680	true	GERMLINE_DELETION	TSG	GERMLINE	1.0000	0	0	0	0	0	true	0.0000	0.0000
chr5	p15.33	SDHA	ENST00000264932	true	GERMLINE_DELETION	TSG	GERMLINE	1.0000	0	0	0	0	0	true	0.0000	0.0000
chr5	q22.2	APC	ENST00000257430	true	GERMLINE_DELETION	TSG	GERMLINE	1.0000	0	0	0	0	0	true	0.0000	0.0000
chr5	q31.1	RAD50	ENST00000378823	true	GERMLINE_DELETION	TSG	GERMLINE	1.0000	0	0	0	0	0	true	0.0000	0.0000
chr7	p22.1	PMS2	ENST00000265849	true	GERMLINE_DELETION	TSG	GERMLINE	1.0000	0	0	0	0	0	true	0.0000	0.0000
chr8	p21.2	PPP2R2A	ENST00000380737	true	GERMLINE_DELETION	TSG	GERMLINE	1.0000	0	0	0	0	0	true	0.0000	0.0000
chr9	p21.3	CDKN2A	ENST00000304494	true	GERMLINE_DELETION	TSG	GERMLINE	1.0000	0	0	0	0	0	true	0.0000	0.0000
chr9	q22.32	PTCH1	ENST00000331920	true	GERMLINE_DELETION	TSG	GERMLINE	1.0000	0	0	0	0	0	true	0.0000	0.0000
chr9	q34.13	TSC1	ENST00000298552	true	GERMLINE_DELETION	TSG	GERMLINE	1.0000	0	0	0	0	0	true	0.0000	0.0000
chr10	q23.2	BMPR1A	ENST00000372037	true	GERMLINE_DELETION	TSG	GERMLINE	1.0000	0	0	0	0	0	true	0.0000	0.0000
chr10	q23.31	PTEN	ENST00000371953	true	GERMLINE_DELETION	TSG	GERMLINE	1.0000	0	0	0	0	0	true	0.0000	0.0000
chr10	q24.32	SUFU	ENST00000369902	true	GERMLINE_DELETION	TSG	GERMLINE	1.0000	0	0	0	0	0	true	0.0000	0.0000
chr11	p13	WT1	ENST00000452863	true	GERMLINE_DELETION	TSG	GERMLINE	1.0000	0	0	0	0	0	true	0.0000	0.0000
chr11	q12.2	SDHAF2	ENST00000301761	true	GERMLINE_DELETION	TSG	GERMLINE	1.0000	0	0	0	0	0	true	0.0000	0.0000
chr11	q13.1	MEN1	ENST00000450708	true	GERMLINE_DELETION	TSG	GERMLINE	1.0000	0	0	0	0	0	true	0.0000	0.0000
chr11	q22.3	ATM	ENST00000675843	true	GERMLINE_DELETION	TSG	GERMLINE	1.0000	0	0	0	0	0	true	0.0000	0.0000
chr11	q23.1	SDHD	ENST00000375549	true	GERMLINE_DELETION	TSG	GERMLINE	1.0000	0	0	0	0	0	true	0.0000	0.0000
chr12	q24.33	POLE	ENST00000320574	true	GERMLINE_DELETION	TSG	GERMLINE	1.0000	0	0	0	0	0	true	0.0000	0.0000
chr13	q13.1	BRCA2	ENST00000380152	true	GERMLINE_DELETION	TSG	GERMLINE	1.0000	0	0	0	0	0	true	0.0000	0.0000
chr13	q14.2	RB1	ENST00000267163	true	GERMLINE_DELETION	TSG	GERMLINE	1.0000	0	0	0	0	0	true	0.0000	0.0000
chr14	q24.1	RAD51B	ENST00000471583	true	GERMLINE_DELETION	TSG	GERMLINE	1.0000	0	0	0	0	0	true	0.0000	0.0000
chr14	q32.13	DICER1	ENST00000343455	true	GERMLINE_DELETION	TSG	GERMLINE	1.0000	0	0	0	0	0	true	0.0000	0.0000
chr16	p13.3	NTHL1	ENST00000651570	true	GERMLINE_DELETION	TSG	GERMLINE	1.0000	0	0	0	0	0	true	0.0000	0.0000
chr16	p13.3	TSC2	ENST00000219476	true	GERMLINE_DELETION	TSG	GERMLINE	1.0000	0	0	0	0	0	true	0.0000	0.0000
chr16	p12.2	PALB2	ENST00000261584	true	GERMLINE_DELETION	TSG	GERMLINE	1.0000	0	0	0	0	0	true	0.0000	0.0000
chr16	q22.1	CDH1	ENST00000261769	true	GERMLINE_DELETION	TSG	GERMLINE	1.0000	0	0	0	0	0	true	0.0000	0.0000
chr17	p13.1	TP53	ENST00000269305	true	GERMLINE_DELETION	TSG	GERMLINE	1.0000	0	0	0	0	0	true	0.0000	0.0000
chr17	p11.2	FLCN	ENST00000285071	true	GERMLINE_DELETION	TSG	GERMLINE	1.0000	0	0	0	0	0	true	0.0000	0.0000
chr17	q11.2	NF1	ENST00000358273	true	GERMLINE_DELETION	TSG	GERMLINE	1.0000	0	0	0	0	0	true	0.0000	0.0000
chr17	q12	RAD51D	ENST00000345365	true	GERMLINE_DELETION	TSG	GERMLINE	1.0000	0	0	0	0	0	true	0.0000	0.0000
chr17	q12	CDK12	ENST00000447079	true	GERMLINE_DELETION	TSG	GERMLINE	1.0000	0	0	0	0	0	true	0.0000	0.0000
chr17	q21.2	SMARCE1	ENST00000348513	true	GERMLINE_DELETION	TSG	GERMLINE	1.0000	0	0	0	0	0	true	0.0000	0.0000
chr17	q21.31	BRCA1	ENST00000357654	true	GERMLINE_DELETION	TSG	GERMLINE	1.0000	0	0	0	0	0	true	0.0000	0.0000
chr17	q22	RAD51C	ENST00000337432	true	GERMLINE_DELETION	TSG	GERMLINE	1.0000	0	0	0	0	0	true	0.0000	0.0000
chr17	q23.2	BRIP1	ENST00000259008	true	GERMLINE_DELETION	TSG	GERMLINE	1.0000	0	0	0	0	0	true	0.0000	0.0000
chr18	q21.2	SMAD4	ENST00000342988	true	GERMLINE_DELETION	TSG	GERMLINE	1.0000	0	0	0	0	0	true	0.0000	0.0000
chr19	p13.3	STK11	ENST00000326873	true	GERMLINE_DELETION	TSG	GERMLINE	1.0000	0	0	0	0	0	true	0.0000	0.0000
chr19	p13.2	SMARCA4	ENST00000344626	true	GERMLINE_DELETION	TSG	GERMLINE	1.0000	0	0	0	0	0	true	0.0000	0.0000
chr19	q13.33	POLD1	ENST00000440232	true	GERMLINE_DELETION	TSG	GERMLINE	1.0000	0	0	0	0	0	true	0.0000	0.0000
chr22	q11.23	SMARCB1	ENST00000644036	true	GERMLINE_DELETION	TSG	GERMLINE	1.0000	0	0	0	0	0	true	0.0000	0.0000
chr22	q12.1	CHEK2	ENST00000404276	true	GERMLINE_DELETION	TSG	GERMLINE	1.0000	0	0	0	0	0	true	0.0000	0.0000
chr22	q12.2	NF2	ENST00000338641	true	GERMLINE_DELETION	TSG	GERMLINE	1.0000	0	0	0	0	0	true	0.0000	0.0000
