alt	ref	trinucleotideContext	readType	count	originalQual	recalibratedQual
T	T	TTT	NONE	55914	40	40.00
T	T	CTG	NONE	50438	40	40.00
A	A	CAG	NONE	49104	40	40.00
C	C	CCT	NONE	45997	40	40.00
A	A	CAC	NONE	45564	40	40.00
T	T	CTC	NONE	45533	40	40.00
G	G	TGG	NONE	44877	40	40.00
A	A	AAA	NONE	44539	40	40.00
T	T	GTG	NONE	44124	40	40.00
C	C	TCT	NONE	43499	40	40.00
C	C	CCA	NONE	43048	40	40.00
C	C	ACA	NONE	42425	40	40.00
C	C	TCC	NONE	40776	40	40.00
G	G	GGG	NONE	40532	40	40.00
G	G	TGT	NONE	40532	40	40.00
G	G	AGG	NONE	39844	40	40.00
C	C	CCC	NONE	39396	40	40.00
A	A	GAG	NONE	38230	40	40.00
T	T	CTT	NONE	36790	40	40.00
T	T	TTC	NONE	35718	40	40.00
G	G	TGA	NONE	35623	40	40.00
G	G	TGC	NONE	35580	40	40.00
C	C	TCA	NONE	35087	40	40.00
C	C	GCT	NONE	35066	40	40.00
G	G	GGC	NONE	35057	40	40.00
G	G	AGA	NONE	34671	40	40.00
C	C	GCC	NONE	34162	40	40.00
G	G	GGA	NONE	33462	40	40.00
T	T	TTG	NONE	33352	40	40.00
C	C	GCA	NONE	33092	40	40.00
G	G	AGC	NONE	33072	40	40.00
A	A	CAT	NONE	32717	40	40.00
A	A	GAA	NONE	30223	40	40.00
T	T	ATT	NONE	29512	40	40.00
A	A	AAG	NONE	29203	40	40.00
T	T	ATG	NONE	28621	40	40.00
A	A	AAT	NONE	27929	40	40.00
G	G	GGT	NONE	27215	40	40.00
G	G	AGT	NONE	26518	40	40.00
A	A	CAA	NONE	26209	40	40.00
C	C	ACC	NONE	25503	40	40.00
T	T	GTT	NONE	25408	40	40.00
C	C	ACT	NONE	24760	40	40.00
T	T	ATC	NONE	23875	40	40.00
T	T	ATA	NONE	22808	40	40.00
T	T	TTA	NONE	22609	40	40.00
A	A	TAT	NONE	22356	40	40.00
T	T	GTC	NONE	22097	40	40.00
A	A	GAT	NONE	21866	40	40.00
A	A	TAA	NONE	20415	40	40.00
A	A	GAC	NONE	20409	40	40.00
A	A	AAC	NONE	19657	40	40.00
A	A	TAG	NONE	17627	40	40.00
T	T	CTA	NONE	16705	40	40.00
A	A	TAC	NONE	15900	40	40.00
T	T	GTA	NONE	14143	40	40.00
G	G	CGT	NONE	11421	40	40.00
C	C	CCG	NONE	11345	40	40.00
C	C	GCG	NONE	11078	40	40.00
G	G	CGG	NONE	10993	40	40.00
G	G	CGC	NONE	9642	40	40.00
C	C	ACG	NONE	8929	40	40.00
C	C	TCG	NONE	7784	40	40.00
G	G	CGA	NONE	7005	40	40.00
T	T	CTC	SINGLE	2585	40	40.00
A	A	CAG	SINGLE	2465	40	40.00
G	G	GGG	SINGLE	2266	40	40.00
G	G	AGG	SINGLE	2214	40	40.00
C	C	CCC	SINGLE	2108	40	40.00
T	T	CTG	SINGLE	2041	40	40.00
A	A	GAG	SINGLE	1979	40	40.00
C	C	CCT	SINGLE	1936	40	40.00
C	C	TCC	SINGLE	1927	40	40.00
C	C	CCA	SINGLE	1921	40	40.00
C	C	TCT	SINGLE	1854	40	40.00
G	G	GGC	SINGLE	1811	40	40.00
A	A	CAC	SINGLE	1805	40	40.00
G	G	TGG	SINGLE	1804	40	40.00
C	C	GCC	SINGLE	1801	40	40.00
G	G	GGA	SINGLE	1796	40	40.00
T	T	GTG	SINGLE	1714	40	40.00
G	G	GGT	SINGLE	1652	40	40.00
G	G	AGA	SINGLE	1650	40	40.00
C	C	GCT	SINGLE	1484	40	40.00
C	C	TCA	SINGLE	1435	40	40.00
G	G	AGC	SINGLE	1352	40	40.00
T	T	GTC	SINGLE	1347	40	40.00
G	G	CGC	SINGLE	1314	40	40.00
C	C	ACA	SINGLE	1312	40	40.00
G	G	TGT	SINGLE	1304	40	40.00
C	C	GCA	SINGLE	1260	40	40.00
G	G	TGA	SINGLE	1254	40	40.00
G	G	CGG	SINGLE	1242	40	40.00
C	C	ACC	SINGLE	1184	40	40.00
A	A	GAA	SINGLE	1172	40	40.00
A	A	GAC	SINGLE	1150	40	40.00
G	G	TGC	SINGLE	1143	40	40.00
T	T	CTT	SINGLE	1133	40	40.00
C	C	CCG	SINGLE	1124	40	40.00
T	T	TTC	SINGLE	1100	40	40.00
C	C	GCG	SINGLE	1068	40	40.00
A	A	CAT	SINGLE	1050	40	40.00
T	T	ATG	SINGLE	1043	40	40.00
A	A	AAG	SINGLE	1025	40	40.00
T	T	ATC	SINGLE	834	40	40.00
C	C	ACT	SINGLE	825	40	40.00
G	G	AGT	SINGLE	753	40	40.00
T	T	GTA	SINGLE	736	40	40.00
T	T	TTG	SINGLE	728	40	40.00
A	A	AAA	SINGLE	715	40	40.00
C	C	ACG	SINGLE	708	40	40.00
A	A	GAT	SINGLE	694	40	40.00
C	C	TCG	SINGLE	692	40	40.00
G	G	CGT	SINGLE	656	40	40.00
A	A	CAA	SINGLE	640	40	40.00
A	A	AAT	SINGLE	628	40	40.00
T	T	TTT	SINGLE	622	40	40.00
A	A	AAC	SINGLE	587	40	40.00
T	T	GTT	SINGLE	579	40	40.00
T	T	ATT	SINGLE	568	40	40.00
A	A	TAC	SINGLE	543	40	40.00
A	A	TAG	SINGLE	543	40	40.00
T	T	TTA	SINGLE	469	40	40.00
A	A	TAA	SINGLE	447	40	40.00
A	A	TAT	SINGLE	436	40	40.00
T	T	CTA	SINGLE	387	40	40.00
G	G	CGA	SINGLE	375	40	40.00
T	T	ATA	SINGLE	373	40	40.00
A	C	CCT	NONE	30	20	1.48
C	A	CAG	NONE	28	20	6.36
T	C	GCC	NONE	28	20	1.90
G	C	TCT	NONE	27	20	0.31
A	C	TCT	NONE	25	20	2.89
A	T	TTT	NONE	25	20	3.98
G	T	TTT	NONE	25	20	1.40
C	A	CAC	NONE	24	20	0.63
T	C	TCC	NONE	24	20	0.75
C	G	TGT	NONE	24	20	-0.31
T	A	CAC	NONE	23	20	0.00
T	C	TCT	NONE	23	20	-1.09
A	G	AGT	NONE	23	20	-0.22
A	T	CTC	NONE	23	20	-0.00
G	T	CTG	NONE	23	20	6.62
G	T	GTG	NONE	23	20	0.37
G	A	AAA	NONE	22	20	1.09
A	C	CCA	NONE	22	20	2.15
A	G	GGG	NONE	22	20	0.25
C	A	GAG	NONE	21	20	5.37
T	A	CAG	NONE	21	20	-0.12
G	C	GCA	NONE	21	20	-0.05
A	G	AGC	NONE	21	20	2.26
C	G	AGG	NONE	21	20	6.49
C	T	CTC	NONE	21	20	0.63
G	A	CAC	NONE	20	20	6.75
G	A	CAG	NONE	20	20	6.50
T	C	GCT	NONE	20	20	1.40
A	G	GGA	NONE	20	20	0.44
C	G	TGC	NONE	20	20	-0.59
C	T	CTG	NONE	20	20	6.48
C	T	TTT	NONE	20	20	1.09
G	T	TTC	NONE	20	20	0.02
A	C	ACA	NONE	19	20	-0.21
G	C	CCA	NONE	19	20	7.89
A	G	TGC	NONE	19	20	3.50
T	G	AGG	NONE	19	20	1.44
T	G	GGT	NONE	19	20	0.30
T	G	TGT	NONE	19	20	-1.40
A	T	TTG	NONE	19	20	2.77
C	A	CAA	NONE	18	20	-2.15
G	C	CCC	NONE	18	20	6.11
G	C	GCC	NONE	18	20	0.13
G	C	GCT	NONE	18	20	1.34
G	C	TCA	NONE	18	20	-0.07
A	G	TGA	NONE	18	20	2.42
A	T	GTG	NONE	18	20	0.62
G	T	CTC	NONE	18	20	6.74
C	A	AAA	NONE	17	20	0.21
T	A	CAT	NONE	17	20	-0.51
A	C	CCC	NONE	17	20	-0.63
G	C	CCT	NONE	17	20	6.05
T	C	ACA	NONE	17	20	2.70
A	G	TGG	NONE	17	20	4.06
C	G	GGC	NONE	17	20	0.11
T	G	AGT	NONE	17	20	-0.46
T	G	GGA	NONE	17	20	3.74
T	G	GGG	NONE	17	20	-0.37
T	G	TGC	NONE	17	20	0.23
A	T	CTG	NONE	17	20	0.12
G	A	GAG	NONE	16	20	-0.25
T	A	GAA	NONE	16	20	3.30
A	C	GCT	NONE	16	20	2.05
G	C	ACA	NONE	16	20	0.88
G	C	TCC	NONE	16	20	0.59
T	C	CCC	NONE	16	20	-0.63
T	C	TCA	NONE	16	20	1.91
A	G	AGG	NONE	16	20	1.35
C	G	GGG	NONE	16	20	5.63
A	T	ATT	NONE	16	20	0.24
C	T	ATG	NONE	16	20	5.06
C	T	TTC	NONE	16	20	-0.57
C	T	TTG	NONE	16	20	6.32
G	T	ATT	NONE	16	20	0.46
G	T	TTA	NONE	16	20	-1.97
C	A	AAG	NONE	15	20	5.14
C	A	GAA	NONE	15	20	-0.39
T	A	AAA	NONE	15	20	2.91
A	C	GCA	NONE	15	20	0.39
A	C	GCC	NONE	15	20	2.24
T	C	CCA	NONE	15	20	4.11
T	C	GCA	NONE	15	20	3.69
C	G	AGC	NONE	15	20	1.13
T	G	TGA	NONE	15	20	1.97
A	T	CTT	NONE	15	20	0.51
C	T	CTT	NONE	15	20	-0.97
G	A	CAT	NONE	14	20	4.57
G	A	GAC	NONE	14	20	-2.05
T	A	AAG	NONE	14	20	0.09
T	A	AAT	NONE	14	20	-0.24
A	C	TCA	NONE	14	20	2.35
C	G	GGA	NONE	14	20	0.05
C	G	TGA	NONE	14	20	0.07
T	G	GGC	NONE	14	20	2.01
A	T	TTC	NONE	14	20	3.52
C	T	GTT	NONE	14	20	-1.40
G	T	ATG	NONE	14	20	-1.44
G	T	CTT	NONE	14	20	5.08
C	A	CAT	NONE	13	20	-1.48
T	A	AAC	NONE	13	20	-0.84
T	A	CAA	NONE	13	20	1.96
A	G	AGA	NONE	13	20	-1.09
C	G	TGG	NONE	13	20	7.60
A	T	ATC	NONE	13	20	0.84
C	T	TTA	NONE	13	20	-1.91
G	T	GTT	NONE	13	20	0.02
G	A	AAG	NONE	12	20	-1.35
A	G	TGT	NONE	12	20	2.58
T	G	AGA	NONE	12	20	1.82
G	T	ATA	NONE	12	20	-1.82
G	T	TTG	NONE	12	20	-1.29
C	A	TAA	NONE	11	20	-2.35
G	A	AAT	NONE	11	20	0.22
G	A	CAA	NONE	11	20	5.73
G	A	TAT	NONE	11	20	-2.58
T	A	TAT	NONE	11	20	-3.98
A	C	TCC	NONE	11	20	4.09
G	C	ACC	NONE	11	20	-1.13
G	C	ACT	NONE	11	20	-0.30
T	C	ACT	NONE	11	20	-0.76
T	C	CCT	NONE	11	20	0.97
A	G	GGT	NONE	11	20	0.95
C	G	AGT	NONE	11	20	0.30
T	G	TGG	NONE	11	20	1.29
A	T	GTT	NONE	11	20	0.65
C	T	GTG	NONE	11	20	6.00
C	A	GAT	NONE	10	20	-2.05
G	A	TAA	NONE	10	20	-2.42
G	A	TAG	NONE	10	20	-4.06
T	A	GAG	NONE	10	20	-0.62
T	A	GAT	NONE	10	20	-0.65
T	A	TAA	NONE	10	20	-0.44
A	C	ACT	NONE	10	20	-0.52
T	C	GCG	NONE	10	20	-6.00
A	G	GGC	NONE	10	20	2.35
C	G	AGA	NONE	10	20	-0.88
C	T	ATT	NONE	10	20	0.76
G	T	GTC	NONE	10	20	-1.59
G	A	GAA	NONE	9	20	-0.44
G	A	GAT	NONE	9	20	-0.49
A	C	ACC	NONE	9	20	1.13
A	T	GTA	NONE	9	20	-3.30
C	T	ATA	NONE	9	20	-2.70
C	T	ATC	NONE	9	20	-0.29
C	A	AAT	NONE	8	20	0.52
C	A	GAC	NONE	8	20	-2.24
C	A	TAT	NONE	8	20	-2.89
T	A	GAC	NONE	8	20	-0.34
T	A	TAG	NONE	8	20	-2.77
G	C	GCG	NONE	8	20	-5.63
C	G	GGT	NONE	8	20	-1.10
T	G	AGC	NONE	8	20	1.42
A	T	ATA	NONE	8	20	-2.91
G	T	ATC	NONE	8	20	-1.42
G	T	CTA	NONE	8	20	3.77
G	T	GTA	NONE	8	20	-3.74
C	A	AAC	NONE	7	20	-1.13
G	A	AAC	NONE	7	20	-2.26
A	C	GCG	NONE	7	20	-5.37
G	C	ACG	NONE	7	20	-6.49
G	C	CCG	NONE	7	20	0.14
T	C	ACC	NONE	7	20	0.29
T	C	ACG	NONE	7	20	-5.06
A	T	ATG	NONE	7	20	-0.09
A	T	GTC	NONE	7	20	0.34
A	T	TTA	NONE	7	20	0.44
G	A	TAC	NONE	6	20	-3.50
T	G	CGT	NONE	6	20	-5.08
C	T	GTC	NONE	6	20	-1.90
T	A	TAC	NONE	5	20	-2.73
A	C	CCG	NONE	5	20	-6.36
A	C	TCG	NONE	5	20	-3.55
T	C	TCG	NONE	5	20	-6.32
C	G	CGC	NONE	5	20	-6.11
T	G	CGG	NONE	5	20	-6.62
C	T	CTA	NONE	5	20	-4.11
C	T	GTA	NONE	5	20	-3.69
A	G	CGA	NONE	4	20	-5.73
A	G	CGC	NONE	4	20	-6.75
C	G	CGT	NONE	4	20	-6.05
T	G	CGC	NONE	4	20	-6.74
A	T	CTA	NONE	4	20	-1.96
C	A	TAG	NONE	3	20	3.55
A	C	ACG	NONE	3	20	-5.14
G	C	TCG	NONE	3	20	-7.60
A	G	CGG	NONE	3	20	-6.50
C	G	CGA	NONE	3	20	-7.89
C	G	CGG	NONE	3	20	-0.14
A	A	CAG	SINGLE	1	1	1.00
A	A	CAT	SINGLE	1	1	1.00
A	A	TAA	SINGLE	1	1	1.00
C	A	TAC	NONE	1	20	-4.09
C	C	CCC	SINGLE	1	1	1.00
C	C	TCT	SINGLE	1	1	1.00
C	C	GCC	SINGLE	1	11	11.00
T	C	CCG	NONE	1	20	-6.48
A	G	CGT	NONE	1	20	-4.57
G	G	TGC	SINGLE	1	1	1.00
G	G	TGG	SINGLE	1	1	1.00
G	G	AGT	SINGLE	1	11	11.00
G	G	CGC	SINGLE	1	11	11.00
G	G	GGC	NONE	1	20	20.00
G	G	GGT	NONE	1	20	20.00
T	G	CGA	NONE	1	20	-3.77
T	T	ATC	SINGLE	1	1	1.00
T	T	ATG	SINGLE	1	1	1.00
T	T	GTA	SINGLE	1	1	1.00
T	T	CTC	SINGLE	1	11	11.00
T	T	TTC	NONE	1	20	20.00
C	A	CAG	SINGLE	0	1	6.42
C	A	CAT	SINGLE	0	1	1.00
C	A	TAA	SINGLE	0	1	1.00
C	A	AAA	SINGLE	0	40	40.00
C	A	AAA	NONE	0	40	49.50
C	A	AAC	SINGLE	0	40	40.00
C	A	AAC	NONE	0	40	45.95
C	A	AAG	SINGLE	0	40	40.00
C	A	AAG	NONE	0	40	47.66
C	A	AAT	SINGLE	0	40	40.00
C	A	AAT	NONE	0	40	47.47
C	A	CAA	SINGLE	0	40	40.00
C	A	CAA	NONE	0	40	47.20
C	A	CAC	SINGLE	0	40	40.00
C	A	CAC	NONE	0	40	49.60
C	A	CAG	SINGLE	0	40	40.00
C	A	CAG	NONE	0	40	49.92
C	A	CAT	SINGLE	0	40	40.00
C	A	CAT	NONE	0	40	48.16
C	A	GAA	SINGLE	0	40	40.00
C	A	GAA	NONE	0	40	47.81
C	A	GAC	SINGLE	0	40	40.00
C	A	GAC	NONE	0	40	46.11
C	A	GAG	SINGLE	0	40	40.00
C	A	GAG	NONE	0	40	48.83
C	A	GAT	NONE	0	40	46.41
C	A	GAT	SINGLE	0	40	40.00
C	A	TAA	NONE	0	40	46.11
C	A	TAA	SINGLE	0	40	40.00
C	A	TAC	NONE	0	40	45.02
C	A	TAC	SINGLE	0	40	40.00
C	A	TAG	NONE	0	40	45.47
C	A	TAG	SINGLE	0	40	40.00
C	A	TAT	SINGLE	0	40	40.00
C	A	TAT	NONE	0	40	46.50
G	A	CAG	SINGLE	0	1	5.99
G	A	CAT	SINGLE	0	1	5.06
G	A	TAA	SINGLE	0	1	1.00
G	A	AAA	SINGLE	0	40	40.00
G	A	AAA	NONE	0	40	49.50
G	A	AAC	SINGLE	0	40	40.00
G	A	AAC	NONE	0	40	45.95
G	A	AAG	SINGLE	0	40	40.00
G	A	AAG	NONE	0	40	47.66
G	A	AAT	SINGLE	0	40	40.00
G	A	AAT	NONE	0	40	47.47
G	A	CAA	SINGLE	0	40	40.00
G	A	CAA	NONE	0	40	47.20
G	A	CAC	SINGLE	0	40	40.00
G	A	CAC	NONE	0	40	49.60
G	A	CAG	SINGLE	0	40	40.00
G	A	CAG	NONE	0	40	49.92
G	A	CAT	SINGLE	0	40	40.00
G	A	CAT	NONE	0	40	48.16
G	A	GAA	SINGLE	0	40	40.00
G	A	GAA	NONE	0	40	47.81
G	A	GAC	SINGLE	0	40	40.00
G	A	GAC	NONE	0	40	46.11
G	A	GAG	SINGLE	0	40	40.00
G	A	GAG	NONE	0	40	48.83
G	A	GAT	NONE	0	40	46.41
G	A	GAT	SINGLE	0	40	40.00
G	A	TAA	NONE	0	40	46.11
G	A	TAA	SINGLE	0	40	40.00
G	A	TAC	NONE	0	40	45.02
G	A	TAC	SINGLE	0	40	40.00
G	A	TAG	NONE	0	40	45.47
G	A	TAG	SINGLE	0	40	40.00
G	A	TAT	SINGLE	0	40	40.00
G	A	TAT	NONE	0	40	46.50
T	A	CAG	SINGLE	0	1	3.83
T	A	CAT	SINGLE	0	1	2.68
T	A	TAA	SINGLE	0	1	2.81
T	A	AAA	SINGLE	0	40	40.00
T	A	AAA	NONE	0	40	49.50
T	A	AAC	SINGLE	0	40	40.00
T	A	AAC	NONE	0	40	45.95
T	A	AAG	SINGLE	0	40	40.00
T	A	AAG	NONE	0	40	47.67
T	A	AAT	SINGLE	0	40	40.00
T	A	AAT	NONE	0	40	47.47
T	A	CAA	SINGLE	0	40	40.00
T	A	CAA	NONE	0	40	47.20
T	A	CAC	SINGLE	0	40	40.00
T	A	CAC	NONE	0	40	49.60
T	A	CAG	SINGLE	0	40	40.00
T	A	CAG	NONE	0	40	49.92
T	A	CAT	SINGLE	0	40	40.00
T	A	CAT	NONE	0	40	48.16
T	A	GAA	SINGLE	0	40	40.00
T	A	GAA	NONE	0	40	47.81
T	A	GAC	SINGLE	0	40	40.00
T	A	GAC	NONE	0	40	46.11
T	A	GAG	SINGLE	0	40	40.00
T	A	GAG	NONE	0	40	48.83
T	A	GAT	NONE	0	40	46.41
T	A	GAT	SINGLE	0	40	40.00
T	A	TAA	NONE	0	40	46.11
T	A	TAA	SINGLE	0	40	40.00
T	A	TAC	NONE	0	40	45.02
T	A	TAC	SINGLE	0	40	40.00
T	A	TAG	NONE	0	40	45.47
T	A	TAG	SINGLE	0	40	40.00
T	A	TAT	SINGLE	0	40	40.00
T	A	TAT	NONE	0	40	46.50
A	C	CCC	SINGLE	0	1	3.69
A	C	TCT	SINGLE	0	1	9.30
A	C	GCC	SINGLE	0	11	11.00
A	C	ACA	NONE	0	40	49.29
A	C	ACA	SINGLE	0	40	40.00
A	C	ACC	NONE	0	40	47.08
A	C	ACC	SINGLE	0	40	40.00
A	C	ACG	NONE	0	40	42.52
A	C	ACG	SINGLE	0	40	40.00
A	C	ACT	NONE	0	40	46.95
A	C	ACT	SINGLE	0	40	40.00
A	C	CCA	NONE	0	40	49.35
A	C	CCA	SINGLE	0	40	40.00
A	C	CCC	NONE	0	40	48.96
A	C	CCC	SINGLE	0	40	40.00
A	C	CCG	NONE	0	40	43.56
A	C	CCG	SINGLE	0	40	40.00
A	C	CCT	NONE	0	40	49.64
A	C	CCT	SINGLE	0	40	40.00
A	C	GCA	NONE	0	40	48.21
A	C	GCA	SINGLE	0	40	40.00
A	C	GCC	NONE	0	40	48.35
A	C	GCC	SINGLE	0	40	40.00
A	C	GCG	NONE	0	40	43.46
A	C	GCG	SINGLE	0	40	40.00
A	C	GCT	NONE	0	40	48.46
A	C	GCT	SINGLE	0	40	40.00
A	C	TCA	SINGLE	0	40	40.00
A	C	TCA	NONE	0	40	48.46
A	C	TCC	SINGLE	0	40	40.00
A	C	TCC	NONE	0	40	49.12
A	C	TCG	SINGLE	0	40	40.00
A	C	TCG	NONE	0	40	41.92
A	C	TCT	NONE	0	40	49.40
A	C	TCT	SINGLE	0	40	40.00
G	C	CCC	SINGLE	0	1	5.06
G	C	TCT	SINGLE	0	1	4.54
G	C	GCC	SINGLE	0	11	11.00
G	C	ACA	NONE	0	40	49.29
G	C	ACA	SINGLE	0	40	40.00
G	C	ACC	NONE	0	40	47.08
G	C	ACC	SINGLE	0	40	40.00
G	C	ACG	NONE	0	40	42.52
G	C	ACG	SINGLE	0	40	40.00
G	C	ACT	NONE	0	40	46.95
G	C	ACT	SINGLE	0	40	40.00
G	C	CCA	NONE	0	40	49.35
G	C	CCA	SINGLE	0	40	40.00
G	C	CCC	NONE	0	40	48.97
G	C	CCC	SINGLE	0	40	40.00
G	C	CCG	NONE	0	40	43.56
G	C	CCG	SINGLE	0	40	40.00
G	C	CCT	NONE	0	40	49.64
G	C	CCT	SINGLE	0	40	40.00
G	C	GCA	NONE	0	40	48.21
G	C	GCA	SINGLE	0	40	40.00
G	C	GCC	NONE	0	40	48.35
G	C	GCC	SINGLE	0	40	40.00
G	C	GCG	NONE	0	40	43.46
G	C	GCG	SINGLE	0	40	40.00
G	C	GCT	NONE	0	40	48.46
G	C	GCT	SINGLE	0	40	40.00
G	C	TCA	SINGLE	0	40	40.00
G	C	TCA	NONE	0	40	48.46
G	C	TCC	SINGLE	0	40	40.00
G	C	TCC	NONE	0	40	49.11
G	C	TCG	SINGLE	0	40	40.00
G	C	TCG	NONE	0	40	41.93
G	C	TCT	NONE	0	40	49.40
G	C	TCT	SINGLE	0	40	40.00
T	C	CCC	SINGLE	0	1	2.12
T	C	TCT	SINGLE	0	1	7.76
T	C	GCC	SINGLE	0	11	11.00
T	C	ACA	NONE	0	40	49.29
T	C	ACA	SINGLE	0	40	40.00
T	C	ACC	NONE	0	40	47.08
T	C	ACC	SINGLE	0	40	40.00
T	C	ACG	NONE	0	40	42.52
T	C	ACG	SINGLE	0	40	40.00
T	C	ACT	NONE	0	40	46.95
T	C	ACT	SINGLE	0	40	40.00
T	C	CCA	NONE	0	40	49.35
T	C	CCA	SINGLE	0	40	40.00
T	C	CCC	NONE	0	40	48.96
T	C	CCC	SINGLE	0	40	40.00
T	C	CCG	NONE	0	40	43.56
T	C	CCG	SINGLE	0	40	40.00
T	C	CCT	NONE	0	40	49.64
T	C	CCT	SINGLE	0	40	40.00
T	C	GCA	NONE	0	40	48.21
T	C	GCA	SINGLE	0	40	40.00
T	C	GCC	NONE	0	40	48.35
T	C	GCC	SINGLE	0	40	40.00
T	C	GCG	NONE	0	40	43.46
T	C	GCG	SINGLE	0	40	40.00
T	C	GCT	NONE	0	40	48.46
T	C	GCT	SINGLE	0	40	40.00
T	C	TCA	SINGLE	0	40	40.00
T	C	TCA	NONE	0	40	48.46
T	C	TCC	SINGLE	0	40	40.00
T	C	TCC	NONE	0	40	49.11
T	C	TCG	SINGLE	0	40	40.00
T	C	TCG	NONE	0	40	41.92
T	C	TCT	NONE	0	40	49.40
T	C	TCT	SINGLE	0	40	40.00
A	G	TGC	SINGLE	0	1	6.25
A	G	TGG	SINGLE	0	1	8.23
A	G	AGT	SINGLE	0	11	11.00
A	G	CGC	SINGLE	0	11	11.00
A	G	AGA	NONE	0	40	48.41
A	G	AGA	SINGLE	0	40	40.00
A	G	AGC	NONE	0	40	48.20
A	G	AGC	SINGLE	0	40	40.00
A	G	AGG	NONE	0	40	49.01
A	G	AGG	SINGLE	0	40	40.00
A	G	AGT	NONE	0	40	47.25
A	G	AGT	SINGLE	0	40	40.00
A	G	CGA	NONE	0	40	41.46
A	G	CGA	SINGLE	0	40	40.00
A	G	CGC	NONE	0	40	42.85
A	G	CGC	SINGLE	0	40	40.00
A	G	CGG	NONE	0	40	43.42
A	G	CGG	SINGLE	0	40	40.00
A	G	CGT	NONE	0	40	43.59
A	G	CGT	SINGLE	0	40	40.00
A	G	GGA	NONE	0	40	48.26
A	G	GGA	SINGLE	0	40	40.00
A	G	GGC	NONE	0	40	48.46
A	G	GGC	SINGLE	0	40	40.00
A	G	GGG	NONE	0	40	49.09
A	G	GGG	SINGLE	0	40	40.00
A	G	GGT	NONE	0	40	47.36
A	G	GGT	SINGLE	0	40	40.00
A	G	TGA	SINGLE	0	40	40.00
A	G	TGA	NONE	0	40	48.53
A	G	TGC	SINGLE	0	40	40.00
A	G	TGC	NONE	0	40	48.53
A	G	TGG	SINGLE	0	40	40.00
A	G	TGG	NONE	0	40	49.53
A	G	TGT	SINGLE	0	40	40.00
A	G	TGT	NONE	0	40	49.09
C	G	TGC	SINGLE	0	1	1.00
C	G	TGG	SINGLE	0	1	7.17
C	G	AGT	SINGLE	0	11	11.00
C	G	CGC	SINGLE	0	11	11.00
C	G	AGA	NONE	0	40	48.41
C	G	AGA	SINGLE	0	40	40.00
C	G	AGC	NONE	0	40	48.21
C	G	AGC	SINGLE	0	40	40.00
C	G	AGG	NONE	0	40	49.01
C	G	AGG	SINGLE	0	40	40.00
C	G	AGT	NONE	0	40	47.25
C	G	AGT	SINGLE	0	40	40.00
C	G	CGA	NONE	0	40	41.46
C	G	CGA	SINGLE	0	40	40.00
C	G	CGC	NONE	0	40	42.85
C	G	CGC	SINGLE	0	40	40.00
C	G	CGG	NONE	0	40	43.42
C	G	CGG	SINGLE	0	40	40.00
C	G	CGT	NONE	0	40	43.59
C	G	CGT	SINGLE	0	40	40.00
C	G	GGA	NONE	0	40	48.26
C	G	GGA	SINGLE	0	40	40.00
C	G	GGC	NONE	0	40	48.46
C	G	GGC	SINGLE	0	40	40.00
C	G	GGG	NONE	0	40	49.08
C	G	GGG	SINGLE	0	40	40.00
C	G	GGT	NONE	0	40	47.36
C	G	GGT	SINGLE	0	40	40.00
C	G	TGA	SINGLE	0	40	40.00
C	G	TGA	NONE	0	40	48.53
C	G	TGC	SINGLE	0	40	40.00
C	G	TGC	NONE	0	40	48.52
C	G	TGG	SINGLE	0	40	40.00
C	G	TGG	NONE	0	40	49.53
C	G	TGT	SINGLE	0	40	40.00
C	G	TGT	NONE	0	40	49.09
T	G	TGC	SINGLE	0	1	3.18
T	G	TGG	SINGLE	0	1	6.95
T	G	AGT	SINGLE	0	11	11.00
T	G	CGC	SINGLE	0	11	11.00
T	G	AGA	NONE	0	40	48.41
T	G	AGA	SINGLE	0	40	40.00
T	G	AGC	NONE	0	40	48.21
T	G	AGC	SINGLE	0	40	40.00
T	G	AGG	NONE	0	40	49.01
T	G	AGG	SINGLE	0	40	40.00
T	G	AGT	NONE	0	40	47.25
T	G	AGT	SINGLE	0	40	40.00
T	G	CGA	NONE	0	40	41.47
T	G	CGA	SINGLE	0	40	40.00
T	G	CGC	NONE	0	40	42.85
T	G	CGC	SINGLE	0	40	40.00
T	G	CGG	NONE	0	40	43.42
T	G	CGG	SINGLE	0	40	40.00
T	G	CGT	NONE	0	40	43.59
T	G	CGT	SINGLE	0	40	40.00
T	G	GGA	NONE	0	40	48.26
T	G	GGA	SINGLE	0	40	40.00
T	G	GGC	NONE	0	40	48.46
T	G	GGC	SINGLE	0	40	40.00
T	G	GGG	NONE	0	40	49.09
T	G	GGG	SINGLE	0	40	40.00
T	G	GGT	NONE	0	40	47.36
T	G	GGT	SINGLE	0	40	40.00
T	G	TGA	SINGLE	0	40	40.00
T	G	TGA	NONE	0	40	48.53
T	G	TGC	SINGLE	0	40	40.00
T	G	TGC	NONE	0	40	48.52
T	G	TGG	SINGLE	0	40	40.00
T	G	TGG	NONE	0	40	49.53
T	G	TGT	SINGLE	0	40	40.00
T	G	TGT	NONE	0	40	49.09
A	T	ATC	SINGLE	0	1	4.54
A	T	ATG	SINGLE	0	1	3.09
A	T	GTA	SINGLE	0	1	1.00
A	T	CTC	SINGLE	0	11	11.00
A	T	ATA	SINGLE	0	40	40.00
A	T	ATA	NONE	0	40	46.59
A	T	ATC	SINGLE	0	40	40.00
A	T	ATC	NONE	0	40	46.79
A	T	ATG	SINGLE	0	40	40.00
A	T	ATG	NONE	0	40	47.58
A	T	ATT	SINGLE	0	40	40.00
A	T	ATT	NONE	0	40	47.71
A	T	CTA	SINGLE	0	40	40.00
A	T	CTA	NONE	0	40	45.24
A	T	CTC	SINGLE	0	40	40.00
A	T	CTC	NONE	0	40	49.59
A	T	CTG	SINGLE	0	40	40.00
A	T	CTG	NONE	0	40	50.04
A	T	CTT	SINGLE	0	40	40.00
A	T	CTT	NONE	0	40	48.67
A	T	GTA	SINGLE	0	40	40.00
A	T	GTA	NONE	0	40	44.52
A	T	GTC	SINGLE	0	40	40.00
A	T	GTC	NONE	0	40	46.45
A	T	GTG	SINGLE	0	40	40.00
A	T	GTG	NONE	0	40	49.46
A	T	GTT	SINGLE	0	40	40.00
A	T	GTT	NONE	0	40	47.06
A	T	TTA	NONE	0	40	46.55
A	T	TTA	SINGLE	0	40	40.00
A	T	TTC	NONE	0	40	48.54
A	T	TTC	SINGLE	0	40	40.00
A	T	TTG	NONE	0	40	48.24
A	T	TTG	SINGLE	0	40	40.00
A	T	TTT	NONE	0	40	50.49
A	T	TTT	SINGLE	0	40	40.00
C	T	ATC	SINGLE	0	1	1.49
C	T	ATG	SINGLE	0	1	4.70
C	T	GTA	SINGLE	0	1	1.00
C	T	CTC	SINGLE	0	11	11.00
C	T	ATA	SINGLE	0	40	40.00
C	T	ATA	NONE	0	40	46.59
C	T	ATC	SINGLE	0	40	40.00
C	T	ATC	NONE	0	40	46.79
C	T	ATG	SINGLE	0	40	40.00
C	T	ATG	NONE	0	40	47.57
C	T	ATT	SINGLE	0	40	40.00
C	T	ATT	NONE	0	40	47.71
C	T	CTA	SINGLE	0	40	40.00
C	T	CTA	NONE	0	40	45.24
C	T	CTC	SINGLE	0	40	40.00
C	T	CTC	NONE	0	40	49.59
C	T	CTG	SINGLE	0	40	40.00
C	T	CTG	NONE	0	40	50.04
C	T	CTT	SINGLE	0	40	40.00
C	T	CTT	NONE	0	40	48.67
C	T	GTA	SINGLE	0	40	40.00
C	T	GTA	NONE	0	40	44.52
C	T	GTC	SINGLE	0	40	40.00
C	T	GTC	NONE	0	40	46.45
C	T	GTG	SINGLE	0	40	40.00
C	T	GTG	NONE	0	40	49.45
C	T	GTT	SINGLE	0	40	40.00
C	T	GTT	NONE	0	40	47.06
C	T	TTA	NONE	0	40	46.55
C	T	TTA	SINGLE	0	40	40.00
C	T	TTC	NONE	0	40	48.54
C	T	TTC	SINGLE	0	40	40.00
C	T	TTG	NONE	0	40	48.24
C	T	TTG	SINGLE	0	40	40.00
C	T	TTT	NONE	0	40	50.48
C	T	TTT	SINGLE	0	40	40.00
G	T	ATC	SINGLE	0	1	1.00
G	T	ATG	SINGLE	0	1	1.00
G	T	GTA	SINGLE	0	1	1.00
G	T	CTC	SINGLE	0	11	11.00
G	T	ATA	SINGLE	0	40	40.00
G	T	ATA	NONE	0	40	46.59
G	T	ATC	SINGLE	0	40	40.00
G	T	ATC	NONE	0	40	46.79
G	T	ATG	SINGLE	0	40	40.00
G	T	ATG	NONE	0	40	47.58
G	T	ATT	SINGLE	0	40	40.00
G	T	ATT	NONE	0	40	47.71
G	T	CTA	SINGLE	0	40	40.00
G	T	CTA	NONE	0	40	45.24
G	T	CTC	SINGLE	0	40	40.00
G	T	CTC	NONE	0	40	49.59
G	T	CTG	SINGLE	0	40	40.00
G	T	CTG	NONE	0	40	50.04
G	T	CTT	SINGLE	0	40	40.00
G	T	CTT	NONE	0	40	48.67
G	T	GTA	SINGLE	0	40	40.00
G	T	GTA	NONE	0	40	44.52
G	T	GTC	SINGLE	0	40	40.00
G	T	GTC	NONE	0	40	46.45
G	T	GTG	SINGLE	0	40	40.00
G	T	GTG	NONE	0	40	49.46
G	T	GTT	SINGLE	0	40	40.00
G	T	GTT	NONE	0	40	47.06
G	T	TTA	NONE	0	40	46.55
G	T	TTA	SINGLE	0	40	40.00
G	T	TTC	NONE	0	40	48.54
G	T	TTC	SINGLE	0	40	40.00
G	T	TTG	NONE	0	40	48.24
G	T	TTG	SINGLE	0	40	40.00
G	T	TTT	NONE	0	40	50.49
G	T	TTT	SINGLE	0	40	40.00
